ym,prefecture,hpgp_type,detailing,num_emails,num_seminars
2023-04,Hokkaido,HP,57.8,94,8
2023-04,Hokkaido,GP,44.5,86,4
2023-04,Aomori,HP,44.6,68,5
2023-04,Aomori,GP,34.6,50,4
2023-04,Iwate,HP,46.8,61,6
2023-04,Iwate,GP,37.8,51,4
2023-04,Miyagi,HP,52.2,78,6
2023-04,Miyagi,GP,40.8,69,4
2023-04,Akita,HP,41.7,60,5
2023-04,Akita,GP,31.9,54,4
2023-04,Yamagata,HP,36.7,62,5
2023-04,Yamagata,GP,29.5,67,2
2023-04,Fukushima,HP,39.4,64,6
2023-04,Fukushima,GP,33.6,53,4
2023-04,Ibaraki,HP,41.8,71,5
2023-04,Ibaraki,GP,38.7,53,5
2023-04,Tochigi,HP,48.5,69,5
2023-04,Tochigi,GP,35.6,59,4
2023-04,Gunma,HP,45.6,66,4
2023-04,Gunma,GP,36.4,51,3
2023-04,Saitama,HP,76.6,126,11
2023-04,Saitama,GP,58.9,97,9
2023-04,Chiba,HP,74.0,126,11
2023-04,Chiba,GP,58.0,104,8
2023-04,Tokyo,HP,153.0,233,25
2023-04,Tokyo,GP,115.5,190,17
2023-04,Kanagawa,HP,92.9,148,13
2023-04,Kanagawa,GP,71.4,138,10
2023-04,Niigata,HP,43.1,61,5
2023-04,Niigata,GP,36.3,62,3
2023-04,Toyama,HP,38.8,62,6
2023-04,Toyama,GP,32.1,60,3
2023-04,Ishikawa,HP,45.3,47,5
2023-04,Ishikawa,GP,28.6,52,4
2023-04,Fukui,HP,46.7,65,5
2023-04,Fukui,GP,30.4,57,3
2023-04,Yamanashi,HP,44.8,64,6
2023-04,Yamanashi,GP,33.1,69,4
2023-04,Nagano,HP,43.8,63,5
2023-04,Nagano,GP,29.2,66,3
2023-04,Gifu,HP,43.1,68,5
2023-04,Gifu,GP,31.8,58,3
2023-04,Shizuoka,HP,50.6,71,4
2023-04,Shizuoka,GP,34.5,55,5
2023-04,Aichi,HP,85.5,136,11
2023-04,Aichi,GP,64.9,118,8
2023-04,Mie,HP,43.9,67,5
2023-04,Mie,GP,36.5,56,2
2023-04,Shiga,HP,42.8,67,5
2023-04,Shiga,GP,34.2,58,5
2023-04,Kyoto,HP,52.5,90,7
2023-04,Kyoto,GP,42.9,69,5
2023-04,Osaka,HP,103.2,165,17
2023-04,Osaka,GP,79.5,131,11
2023-04,Hyogo,HP,72.1,111,8
2023-04,Hyogo,GP,52.4,94,5
2023-04,Nara,HP,40.8,69,6
2023-04,Nara,GP,32.9,45,4
2023-04,Wakayama,HP,38.6,64,6
2023-04,Wakayama,GP,38.1,55,5
2023-04,Tottori,HP,41.3,57,6
2023-04,Tottori,GP,33.6,65,4
2023-04,Shimane,HP,41.9,72,6
2023-04,Shimane,GP,32.7,61,4
2023-04,Okayama,HP,39.7,69,7
2023-04,Okayama,GP,31.9,56,2
2023-04,Hiroshima,HP,53.3,80,5
2023-04,Hiroshima,GP,37.6,75,4
2023-04,Yamaguchi,HP,42.3,72,6
2023-04,Yamaguchi,GP,38.3,50,3
2023-04,Tokushima,HP,43.0,65,4
2023-04,Tokushima,GP,30.2,58,5
2023-04,Kagawa,HP,46.2,73,5
2023-04,Kagawa,GP,35.4,53,4
2023-04,Ehime,HP,45.4,60,5
2023-04,Ehime,GP,33.8,56,4
2023-04,Kochi,HP,43.5,77,6
2023-04,Kochi,GP,37.0,54,4
2023-04,Fukuoka,HP,63.4,98,10
2023-04,Fukuoka,GP,52.4,86,6
2023-04,Saga,HP,43.7,60,5
2023-04,Saga,GP,35.3,56,4
2023-04,Nagasaki,HP,43.0,65,6
2023-04,Nagasaki,GP,32.1,61,3
2023-04,Kumamoto,HP,40.4,72,5
2023-04,Kumamoto,GP,30.3,58,4
2023-04,Oita,HP,46.1,64,6
2023-04,Oita,GP,30.5,53,4
2023-04,Miyazaki,HP,44.4,73,5
2023-04,Miyazaki,GP,32.0,51,4
2023-04,Kagoshima,HP,40.4,67,5
2023-04,Kagoshima,GP,36.2,52,4
2023-04,Okinawa,HP,47.6,63,5
2023-04,Okinawa,GP,27.1,51,2
2023-05,Hokkaido,HP,54.5,87,6
2023-05,Hokkaido,GP,43.5,75,4
2023-05,Aomori,HP,38.9,64,5
2023-05,Aomori,GP,36.7,48,2
2023-05,Iwate,HP,45.5,62,4
2023-05,Iwate,GP,30.9,48,3
2023-05,Miyagi,HP,44.2,73,5
2023-05,Miyagi,GP,33.1,64,5
2023-05,Akita,HP,32.5,58,3
2023-05,Akita,GP,33.3,50,2
2023-05,Yamagata,HP,35.8,67,3
2023-05,Yamagata,GP,31.8,51,3
2023-05,Fukushima,HP,40.9,66,4
2023-05,Fukushima,GP,28.3,48,2
2023-05,Ibaraki,HP,36.3,57,5
2023-05,Ibaraki,GP,29.5,48,2
2023-05,Tochigi,HP,37.9,61,4
2023-05,Tochigi,GP,33.0,59,2
2023-05,Gunma,HP,45.1,55,4
2023-05,Gunma,GP,30.8,42,4
2023-05,Saitama,HP,72.4,112,7
2023-05,Saitama,GP,50.1,87,7
2023-05,Chiba,HP,74.2,117,8
2023-05,Chiba,GP,61.2,97,5
2023-05,Tokyo,HP,137.2,218,20
2023-05,Tokyo,GP,101.6,180,16
2023-05,Kanagawa,HP,84.6,138,11
2023-05,Kanagawa,GP,62.4,102,9
2023-05,Niigata,HP,36.0,62,5
2023-05,Niigata,GP,27.7,44,2
2023-05,Toyama,HP,42.2,50,5
2023-05,Toyama,GP,28.1,50,3
2023-05,Ishikawa,HP,39.4,68,4
2023-05,Ishikawa,GP,27.7,48,3
2023-05,Fukui,HP,38.0,64,4
2023-05,Fukui,GP,25.2,57,3
2023-05,Yamanashi,HP,35.4,62,3
2023-05,Yamanashi,GP,30.9,52,3
2023-05,Nagano,HP,39.3,70,4
2023-05,Nagano,GP,31.5,59,2
2023-05,Gifu,HP,42.8,56,5
2023-05,Gifu,GP,37.0,59,3
2023-05,Shizuoka,HP,42.4,67,5
2023-05,Shizuoka,GP,28.8,58,4
2023-05,Aichi,HP,77.7,114,11
2023-05,Aichi,GP,65.0,107,8
2023-05,Mie,HP,36.5,63,4
2023-05,Mie,GP,27.5,55,3
2023-05,Shiga,HP,38.3,62,4
2023-05,Shiga,GP,30.8,49,4
2023-05,Kyoto,HP,53.7,80,6
2023-05,Kyoto,GP,41.3,66,5
2023-05,Osaka,HP,98.4,148,15
2023-05,Osaka,GP,67.4,130,8
2023-05,Hyogo,HP,61.5,104,8
2023-05,Hyogo,GP,44.6,84,4
2023-05,Nara,HP,38.3,57,5
2023-05,Nara,GP,28.0,52,4
2023-05,Wakayama,HP,38.3,70,4
2023-05,Wakayama,GP,32.3,55,3
2023-05,Tottori,HP,38.2,63,5
2023-05,Tottori,GP,24.5,46,3
2023-05,Shimane,HP,40.6,63,5
2023-05,Shimane,GP,27.3,60,3
2023-05,Okayama,HP,37.6,68,5
2023-05,Okayama,GP,28.8,53,3
2023-05,Hiroshima,HP,42.9,78,5
2023-05,Hiroshima,GP,30.7,65,4
2023-05,Yamaguchi,HP,38.9,64,5
2023-05,Yamaguchi,GP,32.0,56,3
2023-05,Tokushima,HP,41.3,66,4
2023-05,Tokushima,GP,20.9,48,5
2023-05,Kagawa,HP,37.5,66,4
2023-05,Kagawa,GP,31.9,51,2
2023-05,Ehime,HP,44.7,53,5
2023-05,Ehime,GP,33.2,50,3
2023-05,Kochi,HP,34.9,65,5
2023-05,Kochi,GP,28.3,54,3
2023-05,Fukuoka,HP,61.5,84,6
2023-05,Fukuoka,GP,42.2,76,5
2023-05,Saga,HP,32.0,68,5
2023-05,Saga,GP,28.3,47,3
2023-05,Nagasaki,HP,38.6,63,4
2023-05,Nagasaki,GP,31.0,51,4
2023-05,Kumamoto,HP,37.0,53,4
2023-05,Kumamoto,GP,32.1,57,1
2023-05,Oita,HP,37.7,57,5
2023-05,Oita,GP,31.5,51,3
2023-05,Miyazaki,HP,38.8,56,3
2023-05,Miyazaki,GP,24.3,56,3
2023-05,Kagoshima,HP,33.1,61,4
2023-05,Kagoshima,GP,24.0,46,4
2023-05,Okinawa,HP,39.7,68,4
2023-05,Okinawa,GP,29.8,56,0
2023-06,Hokkaido,HP,42.2,67,5
2023-06,Hokkaido,GP,36.6,51,3
2023-06,Aomori,HP,29.2,57,3
2023-06,Aomori,GP,19.5,53,3
2023-06,Iwate,HP,32.7,49,5
2023-06,Iwate,GP,28.2,39,3
2023-06,Miyagi,HP,40.9,73,4
2023-06,Miyagi,GP,27.4,48,4
2023-06,Akita,HP,27.2,58,2
2023-06,Akita,GP,24.7,37,2
2023-06,Yamagata,HP,36.8,61,2
2023-06,Yamagata,GP,27.9,38,1
2023-06,Fukushima,HP,33.9,48,3
2023-06,Fukushima,GP,22.2,46,2
2023-06,Ibaraki,HP,28.9,51,3
2023-06,Ibaraki,GP,27.0,47,2
2023-06,Tochigi,HP,28.1,51,3
2023-06,Tochigi,GP,30.8,43,2
2023-06,Gunma,HP,35.1,56,4
2023-06,Gunma,GP,22.2,43,2
2023-06,Saitama,HP,58.0,90,6
2023-06,Saitama,GP,40.1,70,4
2023-06,Chiba,HP,57.3,92,7
2023-06,Chiba,GP,48.6,76,4
2023-06,Tokyo,HP,118.9,189,16
2023-06,Tokyo,GP,89.2,166,11
2023-06,Kanagawa,HP,64.1,117,9
2023-06,Kanagawa,GP,56.3,101,6
2023-06,Niigata,HP,33.9,53,3
2023-06,Niigata,GP,23.6,41,2
2023-06,Toyama,HP,35.1,46,3
2023-06,Toyama,GP,21.4,47,1
2023-06,Ishikawa,HP,34.4,54,2
2023-06,Ishikawa,GP,24.6,49,3
2023-06,Fukui,HP,33.9,54,3
2023-06,Fukui,GP,31.9,33,2
2023-06,Yamanashi,HP,33.4,64,4
2023-06,Yamanashi,GP,23.5,43,3
2023-06,Nagano,HP,29.6,54,3
2023-06,Nagano,GP,24.1,50,2
2023-06,Gifu,HP,32.4,56,1
2023-06,Gifu,GP,23.2,50,2
2023-06,Shizuoka,HP,41.4,56,2
2023-06,Shizuoka,GP,29.1,43,2
2023-06,Aichi,HP,63.6,109,7
2023-06,Aichi,GP,54.1,84,4
2023-06,Mie,HP,27.4,52,3
2023-06,Mie,GP,28.9,46,1
2023-06,Shiga,HP,36.2,60,3
2023-06,Shiga,GP,31.1,43,2
2023-06,Kyoto,HP,42.7,73,3
2023-06,Kyoto,GP,35.8,59,2
2023-06,Osaka,HP,82.4,133,9
2023-06,Osaka,GP,64.1,108,7
2023-06,Hyogo,HP,48.8,87,6
2023-06,Hyogo,GP,44.4,76,3
2023-06,Nara,HP,33.4,51,3
2023-06,Nara,GP,21.1,43,2
2023-06,Wakayama,HP,32.1,49,3
2023-06,Wakayama,GP,19.2,49,1
2023-06,Tottori,HP,27.1,55,4
2023-06,Tottori,GP,22.1,42,2
2023-06,Shimane,HP,34.6,54,4
2023-06,Shimane,GP,28.8,45,4
2023-06,Okayama,HP,29.8,59,3
2023-06,Okayama,GP,23.8,55,2
2023-06,Hiroshima,HP,39.4,68,4
2023-06,Hiroshima,GP,29.7,64,2
2023-06,Yamaguchi,HP,33.0,63,2
2023-06,Yamaguchi,GP,21.3,43,1
2023-06,Tokushima,HP,34.0,57,3
2023-06,Tokushima,GP,24.3,29,3
2023-06,Kagawa,HP,31.0,56,2
2023-06,Kagawa,GP,26.8,34,3
2023-06,Ehime,HP,33.2,53,2
2023-06,Ehime,GP,26.3,47,2
2023-06,Kochi,HP,31.8,51,2
2023-06,Kochi,GP,29.3,47,1
2023-06,Fukuoka,HP,47.6,81,6
2023-06,Fukuoka,GP,41.5,65,5
2023-06,Saga,HP,31.5,53,1
2023-06,Saga,GP,26.9,32,2
2023-06,Nagasaki,HP,29.3,64,4
2023-06,Nagasaki,GP,19.3,38,2
2023-06,Kumamoto,HP,35.3,53,2
2023-06,Kumamoto,GP,23.6,53,3
2023-06,Oita,HP,34.8,56,2
2023-06,Oita,GP,29.1,45,1
2023-06,Miyazaki,HP,30.1,52,4
2023-06,Miyazaki,GP,23.1,38,2
2023-06,Kagoshima,HP,32.8,58,2
2023-06,Kagoshima,GP,24.2,43,1
2023-06,Okinawa,HP,32.7,59,3
2023-06,Okinawa,GP,27.7,43,2
2023-07,Hokkaido,HP,39.0,69,4
2023-07,Hokkaido,GP,31.9,57,2
2023-07,Aomori,HP,33.7,52,3
2023-07,Aomori,GP,25.8,47,2
2023-07,Iwate,HP,32.8,53,1
2023-07,Iwate,GP,21.1,53,2
2023-07,Miyagi,HP,36.4,61,3
2023-07,Miyagi,GP,29.3,50,2
2023-07,Akita,HP,31.4,47,2
2023-07,Akita,GP,21.2,50,2
2023-07,Yamagata,HP,33.4,59,4
2023-07,Yamagata,GP,25.3,52,2
2023-07,Fukushima,HP,26.7,52,2
2023-07,Fukushima,GP,25.3,44,2
2023-07,Ibaraki,HP,34.2,54,3
2023-07,Ibaraki,GP,22.0,39,2
2023-07,Tochigi,HP,29.7,48,4
2023-07,Tochigi,GP,27.3,49,0
2023-07,Gunma,HP,25.6,47,2
2023-07,Gunma,GP,18.7,40,1
2023-07,Saitama,HP,56.2,81,6
2023-07,Saitama,GP,40.4,67,5
2023-07,Chiba,HP,48.9,95,6
2023-07,Chiba,GP,36.1,77,5
2023-07,Tokyo,HP,106.3,173,13
2023-07,Tokyo,GP,85.6,144,9
2023-07,Kanagawa,HP,64.0,109,7
2023-07,Kanagawa,GP,48.6,96,6
2023-07,Niigata,HP,28.5,52,3
2023-07,Niigata,GP,21.6,42,2
2023-07,Toyama,HP,32.7,52,2
2023-07,Toyama,GP,16.6,37,3
2023-07,Ishikawa,HP,30.8,54,3
2023-07,Ishikawa,GP,28.5,39,2
2023-07,Fukui,HP,32.1,48,2
2023-07,Fukui,GP,22.7,44,2
2023-07,Yamanashi,HP,31.2,58,3
2023-07,Yamanashi,GP,26.3,35,3
2023-07,Nagano,HP,28.0,44,2
2023-07,Nagano,GP,18.4,33,0
2023-07,Gifu,HP,31.4,53,4
2023-07,Gifu,GP,24.8,43,1
2023-07,Shizuoka,HP,30.6,53,3
2023-07,Shizuoka,GP,26.1,53,4
2023-07,Aichi,HP,57.2,98,7
2023-07,Aichi,GP,51.8,78,4
2023-07,Mie,HP,26.3,42,2
2023-07,Mie,GP,23.2,43,3
2023-07,Shiga,HP,31.7,51,2
2023-07,Shiga,GP,22.8,35,2
2023-07,Kyoto,HP,38.2,59,4
2023-07,Kyoto,GP,38.4,46,2
2023-07,Osaka,HP,77.7,120,9
2023-07,Osaka,GP,49.9,108,8
2023-07,Hyogo,HP,51.4,76,4
2023-07,Hyogo,GP,38.2,68,2
2023-07,Nara,HP,27.6,47,1
2023-07,Nara,GP,15.5,47,2
2023-07,Wakayama,HP,32.8,56,3
2023-07,Wakayama,GP,28.0,40,2
2023-07,Tottori,HP,26.2,45,4
2023-07,Tottori,GP,21.0,53,2
2023-07,Shimane,HP,30.4,54,3
2023-07,Shimane,GP,23.6,46,2
2023-07,Okayama,HP,30.5,58,3
2023-07,Okayama,GP,23.7,32,2
2023-07,Hiroshima,HP,33.2,60,3
2023-07,Hiroshima,GP,26.9,60,2
2023-07,Yamaguchi,HP,27.3,52,2
2023-07,Yamaguchi,GP,24.7,40,2
2023-07,Tokushima,HP,30.4,54,2
2023-07,Tokushima,GP,25.7,33,2
2023-07,Kagawa,HP,28.2,52,2
2023-07,Kagawa,GP,18.7,45,2
2023-07,Ehime,HP,26.6,55,3
2023-07,Ehime,GP,22.2,40,3
2023-07,Kochi,HP,28.2,46,4
2023-07,Kochi,GP,28.3,39,1
2023-07,Fukuoka,HP,44.5,76,5
2023-07,Fukuoka,GP,33.8,64,3
2023-07,Saga,HP,29.8,57,2
2023-07,Saga,GP,19.1,36,2
2023-07,Nagasaki,HP,28.3,50,2
2023-07,Nagasaki,GP,23.8,37,1
2023-07,Kumamoto,HP,34.3,54,0
2023-07,Kumamoto,GP,21.8,46,2
2023-07,Oita,HP,27.3,55,3
2023-07,Oita,GP,20.4,36,2
2023-07,Miyazaki,HP,26.7,55,2
2023-07,Miyazaki,GP,24.0,46,2
2023-07,Kagoshima,HP,24.4,43,2
2023-07,Kagoshima,GP,27.4,39,0
2023-07,Okinawa,HP,24.3,52,2
2023-07,Okinawa,GP,23.7,48,2
2023-08,Hokkaido,HP,49.5,75,4
2023-08,Hokkaido,GP,35.6,74,3
2023-08,Aomori,HP,32.8,54,3
2023-08,Aomori,GP,26.7,42,3
2023-08,Iwate,HP,30.6,50,2
2023-08,Iwate,GP,21.3,45,2
2023-08,Miyagi,HP,38.9,64,4
2023-08,Miyagi,GP,29.2,55,1
2023-08,Akita,HP,28.1,54,4
2023-08,Akita,GP,27.4,38,2
2023-08,Yamagata,HP,34.3,62,3
2023-08,Yamagata,GP,21.6,36,2
2023-08,Fukushima,HP,25.5,61,2
2023-08,Fukushima,GP,24.2,41,1
2023-08,Ibaraki,HP,34.8,52,2
2023-08,Ibaraki,GP,25.1,43,1
2023-08,Tochigi,HP,32.3,46,4
2023-08,Tochigi,GP,23.4,44,2
2023-08,Gunma,HP,32.9,53,5
2023-08,Gunma,GP,28.2,41,2
2023-08,Saitama,HP,56.3,89,6
2023-08,Saitama,GP,40.5,84,5
2023-08,Chiba,HP,59.8,97,6
2023-08,Chiba,GP,41.8,86,4
2023-08,Tokyo,HP,108.9,185,16
2023-08,Tokyo,GP,89.5,159,11
2023-08,Kanagawa,HP,72.4,123,9
2023-08,Kanagawa,GP,51.8,107,7
2023-08,Niigata,HP,34.9,54,2
2023-08,Niigata,GP,24.1,41,3
2023-08,Toyama,HP,36.4,59,3
2023-08,Toyama,GP,22.0,44,2
2023-08,Ishikawa,HP,30.8,62,1
2023-08,Ishikawa,GP,24.5,44,2
2023-08,Fukui,HP,31.7,54,2
2023-08,Fukui,GP,25.2,52,2
2023-08,Yamanashi,HP,34.0,48,3
2023-08,Yamanashi,GP,24.3,47,3
2023-08,Nagano,HP,38.5,45,4
2023-08,Nagano,GP,25.4,46,2
2023-08,Gifu,HP,32.2,61,3
2023-08,Gifu,GP,23.7,50,1
2023-08,Shizuoka,HP,41.3,56,2
2023-08,Shizuoka,GP,27.5,51,3
2023-08,Aichi,HP,63.4,106,8
2023-08,Aichi,GP,48.0,90,6
2023-08,Mie,HP,31.8,52,3
2023-08,Mie,GP,23.9,43,2
2023-08,Shiga,HP,26.0,49,4
2023-08,Shiga,GP,24.7,42,2
2023-08,Kyoto,HP,43.2,62,2
2023-08,Kyoto,GP,34.3,57,2
2023-08,Osaka,HP,85.0,127,9
2023-08,Osaka,GP,67.7,101,7
2023-08,Hyogo,HP,57.7,83,6
2023-08,Hyogo,GP,41.3,71,4
2023-08,Nara,HP,29.2,52,3
2023-08,Nara,GP,27.5,32,2
2023-08,Wakayama,HP,33.5,62,3
2023-08,Wakayama,GP,26.0,38,1
2023-08,Tottori,HP,29.5,54,3
2023-08,Tottori,GP,21.7,50,3
2023-08,Shimane,HP,32.6,58,3
2023-08,Shimane,GP,25.0,44,2
2023-08,Okayama,HP,34.2,66,4
2023-08,Okayama,GP,23.5,40,1
2023-08,Hiroshima,HP,41.9,61,5
2023-08,Hiroshima,GP,30.5,50,2
2023-08,Yamaguchi,HP,32.1,64,4
2023-08,Yamaguchi,GP,21.7,40,2
2023-08,Tokushima,HP,34.5,59,4
2023-08,Tokushima,GP,23.4,42,2
2023-08,Kagawa,HP,31.0,37,3
2023-08,Kagawa,GP,24.1,44,2
2023-08,Ehime,HP,40.4,54,3
2023-08,Ehime,GP,26.2,49,4
2023-08,Kochi,HP,32.4,55,3
2023-08,Kochi,GP,28.3,47,0
2023-08,Fukuoka,HP,55.5,80,6
2023-08,Fukuoka,GP,39.9,57,4
2023-08,Saga,HP,35.7,54,3
2023-08,Saga,GP,23.0,32,2
2023-08,Nagasaki,HP,34.7,53,4
2023-08,Nagasaki,GP,24.7,39,4
2023-08,Kumamoto,HP,35.0,58,2
2023-08,Kumamoto,GP,21.0,49,2
2023-08,Oita,HP,36.6,57,3
2023-08,Oita,GP,20.5,46,3
2023-08,Miyazaki,HP,32.4,53,3
2023-08,Miyazaki,GP,25.8,47,3
2023-08,Kagoshima,HP,31.8,59,5
2023-08,Kagoshima,GP,26.4,35,2
2023-08,Okinawa,HP,32.8,55,2
2023-08,Okinawa,GP,25.5,43,1
2023-09,Hokkaido,HP,52.0,88,6
2023-09,Hokkaido,GP,40.3,68,4
2023-09,Aomori,HP,35.6,69,4
2023-09,Aomori,GP,27.2,52,4
2023-09,Iwate,HP,47.3,67,4
2023-09,Iwate,GP,29.8,43,5
2023-09,Miyagi,HP,45.5,69,5
2023-09,Miyagi,GP,30.6,60,4
2023-09,Akita,HP,37.4,60,6
2023-09,Akita,GP,28.0,55,3
2023-09,Yamagata,HP,39.4,63,4
2023-09,Yamagata,GP,31.5,50,3
2023-09,Fukushima,HP,39.7,61,3
2023-09,Fukushima,GP,25.1,45,3
2023-09,Ibaraki,HP,43.2,63,4
2023-09,Ibaraki,GP,34.6,43,4
2023-09,Tochigi,HP,36.5,62,5
2023-09,Tochigi,GP,29.9,51,2
2023-09,Gunma,HP,42.6,61,5
2023-09,Gunma,GP,26.1,48,3
2023-09,Saitama,HP,64.0,109,9
2023-09,Saitama,GP,49.4,94,7
2023-09,Chiba,HP,72.9,116,8
2023-09,Chiba,GP,56.5,81,7
2023-09,Tokyo,HP,133.3,229,20
2023-09,Tokyo,GP,103.8,174,14
2023-09,Kanagawa,HP,84.3,134,12
2023-09,Kanagawa,GP,63.5,119,8
2023-09,Niigata,HP,39.7,55,5
2023-09,Niigata,GP,35.2,47,3
2023-09,Toyama,HP,36.4,63,5
2023-09,Toyama,GP,30.4,45,3
2023-09,Ishikawa,HP,42.1,71,3
2023-09,Ishikawa,GP,26.8,52,3
2023-09,Fukui,HP,40.4,66,4
2023-09,Fukui,GP,33.1,49,3
2023-09,Yamanashi,HP,35.6,59,5
2023-09,Yamanashi,GP,34.0,52,2
2023-09,Nagano,HP,43.2,64,4
2023-09,Nagano,GP,35.5,57,3
2023-09,Gifu,HP,40.7,58,4
2023-09,Gifu,GP,28.6,52,4
2023-09,Shizuoka,HP,43.7,64,4
2023-09,Shizuoka,GP,32.3,63,2
2023-09,Aichi,HP,78.9,135,10
2023-09,Aichi,GP,60.8,105,7
2023-09,Mie,HP,33.8,62,4
2023-09,Mie,GP,30.6,47,3
2023-09,Shiga,HP,38.5,62,4
2023-09,Shiga,GP,29.9,49,3
2023-09,Kyoto,HP,47.0,91,4
2023-09,Kyoto,GP,35.6,70,4
2023-09,Osaka,HP,96.8,148,12
2023-09,Osaka,GP,78.5,129,11
2023-09,Hyogo,HP,58.8,102,7
2023-09,Hyogo,GP,43.6,77,5
2023-09,Nara,HP,42.3,66,3
2023-09,Nara,GP,30.2,56,3
2023-09,Wakayama,HP,43.0,57,6
2023-09,Wakayama,GP,27.3,49,3
2023-09,Tottori,HP,40.8,64,2
2023-09,Tottori,GP,33.1,43,2
2023-09,Shimane,HP,36.6,69,4
2023-09,Shimane,GP,30.5,55,3
2023-09,Okayama,HP,38.5,64,4
2023-09,Okayama,GP,25.1,53,3
2023-09,Hiroshima,HP,42.9,79,5
2023-09,Hiroshima,GP,31.3,64,4
2023-09,Yamaguchi,HP,40.6,62,5
2023-09,Yamaguchi,GP,28.8,47,2
2023-09,Tokushima,HP,37.4,51,4
2023-09,Tokushima,GP,27.9,49,3
2023-09,Kagawa,HP,41.1,59,5
2023-09,Kagawa,GP,27.3,56,3
2023-09,Ehime,HP,42.5,56,4
2023-09,Ehime,GP,32.2,55,2
2023-09,Kochi,HP,37.1,59,5
2023-09,Kochi,GP,25.6,51,2
2023-09,Fukuoka,HP,58.8,100,8
2023-09,Fukuoka,GP,48.7,81,4
2023-09,Saga,HP,33.9,62,4
2023-09,Saga,GP,28.7,53,4
2023-09,Nagasaki,HP,32.9,49,5
2023-09,Nagasaki,GP,25.5,49,4
2023-09,Kumamoto,HP,46.7,61,4
2023-09,Kumamoto,GP,26.3,64,4
2023-09,Oita,HP,41.0,63,6
2023-09,Oita,GP,27.2,48,2
2023-09,Miyazaki,HP,31.8,67,3
2023-09,Miyazaki,GP,28.7,45,4
2023-09,Kagoshima,HP,39.2,52,4
2023-09,Kagoshima,GP,27.9,55,3
2023-09,Okinawa,HP,37.2,68,4
2023-09,Okinawa,GP,27.4,48,2
2023-10,Hokkaido,HP,62.9,96,8
2023-10,Hokkaido,GP,48.1,81,6
2023-10,Aomori,HP,46.2,73,5
2023-10,Aomori,GP,33.9,55,4
2023-10,Iwate,HP,42.9,59,5
2023-10,Iwate,GP,29.6,58,3
2023-10,Miyagi,HP,52.0,75,7
2023-10,Miyagi,GP,36.4,65,4
2023-10,Akita,HP,40.0,63,6
2023-10,Akita,GP,33.5,63,2
2023-10,Yamagata,HP,40.8,79,6
2023-10,Yamagata,GP,29.0,53,4
2023-10,Fukushima,HP,42.6,80,4
2023-10,Fukushima,GP,31.5,55,3
2023-10,Ibaraki,HP,46.6,66,5
2023-10,Ibaraki,GP,33.5,53,3
2023-10,Tochigi,HP,42.3,69,6
2023-10,Tochigi,GP,30.7,51,3
2023-10,Gunma,HP,43.0,67,6
2023-10,Gunma,GP,33.4,66,5
2023-10,Saitama,HP,82.2,122,10
2023-10,Saitama,GP,58.5,103,7
2023-10,Chiba,HP,76.5,119,10
2023-10,Chiba,GP,52.4,82,8
2023-10,Tokyo,HP,151.7,242,23
2023-10,Tokyo,GP,112.8,199,18
2023-10,Kanagawa,HP,89.6,148,13
2023-10,Kanagawa,GP,73.5,125,10
2023-10,Niigata,HP,46.2,62,5
2023-10,Niigata,GP,27.9,53,4
2023-10,Toyama,HP,43.3,67,5
2023-10,Toyama,GP,31.1,60,4
2023-10,Ishikawa,HP,44.1,73,5
2023-10,Ishikawa,GP,31.6,61,4
2023-10,Fukui,HP,46.1,75,5
2023-10,Fukui,GP,36.2,56,4
2023-10,Yamanashi,HP,42.2,72,4
2023-10,Yamanashi,GP,35.5,49,4
2023-10,Nagano,HP,47.1,70,6
2023-10,Nagano,GP,26.3,56,3
2023-10,Gifu,HP,42.4,68,5
2023-10,Gifu,GP,30.4,51,3
2023-10,Shizuoka,HP,50.5,75,3
2023-10,Shizuoka,GP,32.9,66,4
2023-10,Aichi,HP,88.6,144,13
2023-10,Aichi,GP,65.8,120,10
2023-10,Mie,HP,42.2,75,5
2023-10,Mie,GP,30.6,64,3
2023-10,Shiga,HP,39.2,64,5
2023-10,Shiga,GP,32.0,60,3
2023-10,Kyoto,HP,56.6,88,8
2023-10,Kyoto,GP,37.0,79,7
2023-10,Osaka,HP,104.0,166,15
2023-10,Osaka,GP,80.0,147,11
2023-10,Hyogo,HP,69.3,106,10
2023-10,Hyogo,GP,49.0,93,6
2023-10,Nara,HP,39.2,65,6
2023-10,Nara,GP,31.8,61,3
2023-10,Wakayama,HP,50.8,71,6
2023-10,Wakayama,GP,34.0,58,4
2023-10,Tottori,HP,41.4,68,4
2023-10,Tottori,GP,34.4,64,4
2023-10,Shimane,HP,42.3,57,5
2023-10,Shimane,GP,35.8,53,3
2023-10,Okayama,HP,42.6,70,4
2023-10,Okayama,GP,30.0,56,4
2023-10,Hiroshima,HP,53.1,71,6
2023-10,Hiroshima,GP,45.7,61,4
2023-10,Yamaguchi,HP,51.2,67,6
2023-10,Yamaguchi,GP,32.9,60,4
2023-10,Tokushima,HP,39.6,65,5
2023-10,Tokushima,GP,24.8,52,5
2023-10,Kagawa,HP,40.9,73,4
2023-10,Kagawa,GP,31.5,65,4
2023-10,Ehime,HP,42.1,72,4
2023-10,Ehime,GP,29.1,45,2
2023-10,Kochi,HP,44.7,77,5
2023-10,Kochi,GP,30.0,51,4
2023-10,Fukuoka,HP,63.8,101,8
2023-10,Fukuoka,GP,48.2,82,7
2023-10,Saga,HP,41.5,70,4
2023-10,Saga,GP,33.6,58,4
2023-10,Nagasaki,HP,36.7,59,4
2023-10,Nagasaki,GP,34.7,62,4
2023-10,Kumamoto,HP,44.9,67,5
2023-10,Kumamoto,GP,30.5,54,5
2023-10,Oita,HP,43.7,65,5
2023-10,Oita,GP,33.7,55,3
2023-10,Miyazaki,HP,40.0,64,5
2023-10,Miyazaki,GP,31.1,52,3
2023-10,Kagoshima,HP,37.3,65,6
2023-10,Kagoshima,GP,35.9,48,3
2023-10,Okinawa,HP,42.7,78,5
2023-10,Okinawa,GP,29.8,59,3
2023-11,Hokkaido,HP,57.3,88,6
2023-11,Hokkaido,GP,41.5,74,3
2023-11,Aomori,HP,37.8,69,5
2023-11,Aomori,GP,28.7,45,3
2023-11,Iwate,HP,41.6,64,3
2023-11,Iwate,GP,28.7,53,3
2023-11,Miyagi,HP,50.0,74,5
2023-11,Miyagi,GP,34.3,60,4
2023-11,Akita,HP,38.0,66,3
2023-11,Akita,GP,32.6,55,3
2023-11,Yamagata,HP,39.1,61,4
2023-11,Yamagata,GP,31.6,53,4
2023-11,Fukushima,HP,36.0,60,5
2023-11,Fukushima,GP,33.9,54,3
2023-11,Ibaraki,HP,43.0,62,4
2023-11,Ibaraki,GP,27.5,62,3
2023-11,Tochigi,HP,37.2,61,5
2023-11,Tochigi,GP,27.3,57,4
2023-11,Gunma,HP,37.6,65,4
2023-11,Gunma,GP,32.6,55,3
2023-11,Saitama,HP,72.0,112,9
2023-11,Saitama,GP,50.3,96,8
2023-11,Chiba,HP,74.1,106,9
2023-11,Chiba,GP,55.3,92,5
2023-11,Tokyo,HP,141.4,216,21
2023-11,Tokyo,GP,107.3,191,16
2023-11,Kanagawa,HP,88.6,145,12
2023-11,Kanagawa,GP,64.7,117,8
2023-11,Niigata,HP,43.0,57,5
2023-11,Niigata,GP,31.6,57,3
2023-11,Toyama,HP,31.2,72,5
2023-11,Toyama,GP,29.0,54,4
2023-11,Ishikawa,HP,39.3,63,5
2023-11,Ishikawa,GP,32.5,47,4
2023-11,Fukui,HP,39.8,66,5
2023-11,Fukui,GP,32.6,51,2
2023-11,Yamanashi,HP,36.6,53,4
2023-11,Yamanashi,GP,28.5,44,5
2023-11,Nagano,HP,38.2,54,5
2023-11,Nagano,GP,31.7,58,3
2023-11,Gifu,HP,38.9,61,4
2023-11,Gifu,GP,27.0,50,2
2023-11,Shizuoka,HP,42.3,65,4
2023-11,Shizuoka,GP,33.8,62,2
2023-11,Aichi,HP,75.1,128,12
2023-11,Aichi,GP,59.9,104,8
2023-11,Mie,HP,37.6,60,5
2023-11,Mie,GP,31.8,66,2
2023-11,Shiga,HP,38.1,57,4
2023-11,Shiga,GP,29.7,44,2
2023-11,Kyoto,HP,51.4,91,7
2023-11,Kyoto,GP,39.9,75,5
2023-11,Osaka,HP,99.6,157,14
2023-11,Osaka,GP,74.3,141,9
2023-11,Hyogo,HP,62.0,106,7
2023-11,Hyogo,GP,50.2,89,5
2023-11,Nara,HP,41.0,58,5
2023-11,Nara,GP,33.0,53,2
2023-11,Wakayama,HP,37.7,56,3
2023-11,Wakayama,GP,30.2,64,3
2023-11,Tottori,HP,41.3,62,4
2023-11,Tottori,GP,28.8,53,3
2023-11,Shimane,HP,43.2,62,6
2023-11,Shimane,GP,27.4,52,3
2023-11,Okayama,HP,38.7,75,4
2023-11,Okayama,GP,28.7,60,3
2023-11,Hiroshima,HP,51.5,75,4
2023-11,Hiroshima,GP,32.3,63,5
2023-11,Yamaguchi,HP,39.5,64,5
2023-11,Yamaguchi,GP,33.3,52,3
2023-11,Tokushima,HP,38.2,70,5
2023-11,Tokushima,GP,31.8,56,1
2023-11,Kagawa,HP,36.5,69,3
2023-11,Kagawa,GP,36.2,47,3
2023-11,Ehime,HP,41.0,62,5
2023-11,Ehime,GP,30.9,58,4
2023-11,Kochi,HP,42.8,58,3
2023-11,Kochi,GP,31.3,53,4
2023-11,Fukuoka,HP,66.0,95,7
2023-11,Fukuoka,GP,43.5,79,5
2023-11,Saga,HP,37.6,68,5
2023-11,Saga,GP,26.7,52,3
2023-11,Nagasaki,HP,35.5,61,3
2023-11,Nagasaki,GP,31.6,52,5
2023-11,Kumamoto,HP,41.7,58,4
2023-11,Kumamoto,GP,29.8,50,4
2023-11,Oita,HP,41.7,62,3
2023-11,Oita,GP,25.6,52,4
2023-11,Miyazaki,HP,39.0,63,4
2023-11,Miyazaki,GP,34.2,51,4
2023-11,Kagoshima,HP,38.9,59,6
2023-11,Kagoshima,GP,38.1,51,4
2023-11,Okinawa,HP,42.6,64,4
2023-11,Okinawa,GP,26.7,43,4
2023-12,Hokkaido,HP,47.5,79,6
2023-12,Hokkaido,GP,34.8,63,4
2023-12,Aomori,HP,30.4,57,4
2023-12,Aomori,GP,27.2,48,1
2023-12,Iwate,HP,37.0,46,4
2023-12,Iwate,GP,25.6,45,2
2023-12,Miyagi,HP,42.3,66,4
2023-12,Miyagi,GP,35.2,50,3
2023-12,Akita,HP,35.6,55,3
2023-12,Akita,GP,26.6,47,1
2023-12,Yamagata,HP,34.6,54,5
2023-12,Yamagata,GP,27.2,39,3
2023-12,Fukushima,HP,37.0,53,4
2023-12,Fukushima,GP,27.2,54,2
2023-12,Ibaraki,HP,41.2,58,4
2023-12,Ibaraki,GP,28.7,44,2
2023-12,Tochigi,HP,33.4,63,5
2023-12,Tochigi,GP,26.3,50,2
2023-12,Gunma,HP,39.4,53,5
2023-12,Gunma,GP,24.5,49,1
2023-12,Saitama,HP,58.3,104,6
2023-12,Saitama,GP,47.7,82,4
2023-12,Chiba,HP,58.9,92,8
2023-12,Chiba,GP,50.9,77,4
2023-12,Tokyo,HP,118.3,197,17
2023-12,Tokyo,GP,93.2,164,12
2023-12,Kanagawa,HP,75.6,123,9
2023-12,Kanagawa,GP,52.6,106,6
2023-12,Niigata,HP,38.5,49,3
2023-12,Niigata,GP,27.3,49,1
2023-12,Toyama,HP,34.5,54,3
2023-12,Toyama,GP,28.7,49,3
2023-12,Ishikawa,HP,30.2,57,4
2023-12,Ishikawa,GP,27.5,47,2
2023-12,Fukui,HP,31.2,56,1
2023-12,Fukui,GP,22.4,46,3
2023-12,Yamanashi,HP,33.1,52,4
2023-12,Yamanashi,GP,25.8,41,1
2023-12,Nagano,HP,39.5,63,4
2023-12,Nagano,GP,27.9,54,4
2023-12,Gifu,HP,33.9,52,4
2023-12,Gifu,GP,27.0,46,1
2023-12,Shizuoka,HP,42.6,60,5
2023-12,Shizuoka,GP,28.6,47,1
2023-12,Aichi,HP,65.1,117,9
2023-12,Aichi,GP,53.0,92,6
2023-12,Mie,HP,37.5,64,4
2023-12,Mie,GP,32.1,52,1
2023-12,Shiga,HP,37.0,65,4
2023-12,Shiga,GP,25.2,50,1
2023-12,Kyoto,HP,44.8,73,5
2023-12,Kyoto,GP,30.2,59,4
2023-12,Osaka,HP,83.3,141,11
2023-12,Osaka,GP,68.8,124,9
2023-12,Hyogo,HP,53.0,91,7
2023-12,Hyogo,GP,47.4,80,6
2023-12,Nara,HP,32.8,58,3
2023-12,Nara,GP,24.9,46,2
2023-12,Wakayama,HP,34.9,51,4
2023-12,Wakayama,GP,27.3,46,1
2023-12,Tottori,HP,32.4,54,4
2023-12,Tottori,GP,22.4,42,3
2023-12,Shimane,HP,39.9,60,3
2023-12,Shimane,GP,27.3,50,3
2023-12,Okayama,HP,42.9,60,5
2023-12,Okayama,GP,28.6,50,1
2023-12,Hiroshima,HP,45.1,63,5
2023-12,Hiroshima,GP,29.5,53,3
2023-12,Yamaguchi,HP,33.2,50,3
2023-12,Yamaguchi,GP,26.5,47,1
2023-12,Tokushima,HP,33.6,63,3
2023-12,Tokushima,GP,25.6,47,2
2023-12,Kagawa,HP,33.6,53,3
2023-12,Kagawa,GP,26.1,57,3
2023-12,Ehime,HP,35.9,53,4
2023-12,Ehime,GP,23.5,43,3
2023-12,Kochi,HP,33.5,65,4
2023-12,Kochi,GP,29.1,47,2
2023-12,Fukuoka,HP,54.3,95,5
2023-12,Fukuoka,GP,37.5,67,5
2023-12,Saga,HP,38.9,53,4
2023-12,Saga,GP,30.3,42,3
2023-12,Nagasaki,HP,33.6,61,3
2023-12,Nagasaki,GP,29.4,45,0
2023-12,Kumamoto,HP,31.3,54,3
2023-12,Kumamoto,GP,28.0,44,1
2023-12,Oita,HP,30.2,65,3
2023-12,Oita,GP,28.3,46,3
2023-12,Miyazaki,HP,33.2,54,3
2023-12,Miyazaki,GP,28.0,36,3
2023-12,Kagoshima,HP,36.4,59,2
2023-12,Kagoshima,GP,25.2,58,2
2023-12,Okinawa,HP,31.6,47,3
2023-12,Okinawa,GP,27.8,42,3
2024-01,Hokkaido,HP,42.0,78,5
2024-01,Hokkaido,GP,36.6,61,2
2024-01,Aomori,HP,31.8,49,3
2024-01,Aomori,GP,22.5,50,3
2024-01,Iwate,HP,29.5,54,2
2024-01,Iwate,GP,23.5,49,0
2024-01,Miyagi,HP,41.0,65,4
2024-01,Miyagi,GP,26.9,44,1
2024-01,Akita,HP,33.8,47,2
2024-01,Akita,GP,27.3,41,2
2024-01,Yamagata,HP,29.8,60,3
2024-01,Yamagata,GP,25.2,43,1
2024-01,Fukushima,HP,29.6,54,3
2024-01,Fukushima,GP,27.1,42,4
2024-01,Ibaraki,HP,34.3,63,2
2024-01,Ibaraki,GP,24.9,37,3
2024-01,Tochigi,HP,34.4,47,4
2024-01,Tochigi,GP,22.8,43,3
2024-01,Gunma,HP,38.3,47,3
2024-01,Gunma,GP,25.2,40,2
2024-01,Saitama,HP,63.5,91,7
2024-01,Saitama,GP,46.2,82,5
2024-01,Chiba,HP,55.1,98,7
2024-01,Chiba,GP,48.1,80,4
2024-01,Tokyo,HP,110.7,187,16
2024-01,Tokyo,GP,83.9,165,11
2024-01,Kanagawa,HP,72.3,116,8
2024-01,Kanagawa,GP,56.4,103,6
2024-01,Niigata,HP,34.4,47,3
2024-01,Niigata,GP,28.4,44,4
2024-01,Toyama,HP,32.3,59,2
2024-01,Toyama,GP,25.3,52,4
2024-01,Ishikawa,HP,30.6,66,1
2024-01,Ishikawa,GP,28.2,40,0
2024-01,Fukui,HP,40.1,59,3
2024-01,Fukui,GP,25.1,41,1
2024-01,Yamanashi,HP,33.9,48,4
2024-01,Yamanashi,GP,19.9,48,2
2024-01,Nagano,HP,33.8,57,3
2024-01,Nagano,GP,22.8,53,2
2024-01,Gifu,HP,35.3,56,3
2024-01,Gifu,GP,24.7,49,1
2024-01,Shizuoka,HP,41.5,55,4
2024-01,Shizuoka,GP,29.9,48,2
2024-01,Aichi,HP,63.1,105,8
2024-01,Aichi,GP,49.7,89,4
2024-01,Mie,HP,31.2,58,3
2024-01,Mie,GP,29.7,49,2
2024-01,Shiga,HP,34.8,49,2
2024-01,Shiga,GP,25.3,48,1
2024-01,Kyoto,HP,39.7,68,5
2024-01,Kyoto,GP,34.7,57,3
2024-01,Osaka,HP,79.7,140,10
2024-01,Osaka,GP,62.3,110,7
2024-01,Hyogo,HP,53.6,77,6
2024-01,Hyogo,GP,38.0,76,3
2024-01,Nara,HP,34.9,54,1
2024-01,Nara,GP,26.3,43,2
2024-01,Wakayama,HP,32.9,50,3
2024-01,Wakayama,GP,24.5,45,2
2024-01,Tottori,HP,28.6,54,2
2024-01,Tottori,GP,25.1,47,1
2024-01,Shimane,HP,28.1,66,3
2024-01,Shimane,GP,25.5,34,1
2024-01,Okayama,HP,35.9,54,3
2024-01,Okayama,GP,23.3,48,2
2024-01,Hiroshima,HP,38.8,63,3
2024-01,Hiroshima,GP,27.5,44,2
2024-01,Yamaguchi,HP,35.6,52,3
2024-01,Yamaguchi,GP,26.6,39,2
2024-01,Tokushima,HP,38.7,58,4
2024-01,Tokushima,GP,25.3,45,2
2024-01,Kagawa,HP,33.2,49,3
2024-01,Kagawa,GP,27.0,47,2
2024-01,Ehime,HP,27.5,56,4
2024-01,Ehime,GP,22.4,38,2
2024-01,Kochi,HP,26.2,67,3
2024-01,Kochi,GP,21.7,39,1
2024-01,Fukuoka,HP,43.6,74,4
2024-01,Fukuoka,GP,40.3,73,3
2024-01,Saga,HP,31.1,60,2
2024-01,Saga,GP,29.3,47,2
2024-01,Nagasaki,HP,35.6,56,3
2024-01,Nagasaki,GP,27.9,47,2
2024-01,Kumamoto,HP,30.0,54,4
2024-01,Kumamoto,GP,25.9,45,1
2024-01,Oita,HP,29.8,49,4
2024-01,Oita,GP,24.5,47,3
2024-01,Miyazaki,HP,36.1,62,3
2024-01,Miyazaki,GP,27.3,47,2
2024-01,Kagoshima,HP,35.2,61,3
2024-01,Kagoshima,GP,26.4,39,1
2024-01,Okinawa,HP,31.2,52,1
2024-01,Okinawa,GP,21.0,41,1
2024-02,Hokkaido,HP,49.3,76,6
2024-02,Hokkaido,GP,37.9,63,5
2024-02,Aomori,HP,30.3,62,4
2024-02,Aomori,GP,27.1,48,1
2024-02,Iwate,HP,33.8,58,5
2024-02,Iwate,GP,27.8,52,3
2024-02,Miyagi,HP,45.5,68,5
2024-02,Miyagi,GP,33.5,55,3
2024-02,Akita,HP,36.1,62,4
2024-02,Akita,GP,26.3,54,2
2024-02,Yamagata,HP,31.7,51,3
2024-02,Yamagata,GP,23.5,48,3
2024-02,Fukushima,HP,33.8,58,3
2024-02,Fukushima,GP,28.9,52,1
2024-02,Ibaraki,HP,31.6,61,3
2024-02,Ibaraki,GP,26.4,56,1
2024-02,Tochigi,HP,36.7,60,3
2024-02,Tochigi,GP,26.1,43,3
2024-02,Gunma,HP,38.2,61,3
2024-02,Gunma,GP,28.7,42,2
2024-02,Saitama,HP,65.2,100,6
2024-02,Saitama,GP,47.9,92,4
2024-02,Chiba,HP,62.6,99,7
2024-02,Chiba,GP,49.8,86,6
2024-02,Tokyo,HP,117.4,194,17
2024-02,Tokyo,GP,97.3,158,12
2024-02,Kanagawa,HP,78.6,131,10
2024-02,Kanagawa,GP,53.4,111,7
2024-02,Niigata,HP,36.5,61,3
2024-02,Niigata,GP,30.5,35,2
2024-02,Toyama,HP,31.6,53,2
2024-02,Toyama,GP,26.7,48,3
2024-02,Ishikawa,HP,36.1,57,3
2024-02,Ishikawa,GP,25.3,41,2
2024-02,Fukui,HP,33.0,65,3
2024-02,Fukui,GP,27.8,51,1
2024-02,Yamanashi,HP,38.9,52,3
2024-02,Yamanashi,GP,29.2,42,2
2024-02,Nagano,HP,39.4,62,3
2024-02,Nagano,GP,25.8,42,2
2024-02,Gifu,HP,31.8,56,5
2024-02,Gifu,GP,28.4,47,2
2024-02,Shizuoka,HP,33.9,63,4
2024-02,Shizuoka,GP,27.2,48,4
2024-02,Aichi,HP,69.5,111,9
2024-02,Aichi,GP,54.3,91,6
2024-02,Mie,HP,31.2,59,4
2024-02,Mie,GP,23.6,37,2
2024-02,Shiga,HP,33.3,61,4
2024-02,Shiga,GP,27.7,50,0
2024-02,Kyoto,HP,46.0,68,6
2024-02,Kyoto,GP,30.4,67,4
2024-02,Osaka,HP,89.5,143,11
2024-02,Osaka,GP,68.8,112,9
2024-02,Hyogo,HP,50.3,93,6
2024-02,Hyogo,GP,50.4,72,4
2024-02,Nara,HP,33.2,60,3
2024-02,Nara,GP,29.3,48,4
2024-02,Wakayama,HP,32.6,58,3
2024-02,Wakayama,GP,26.7,58,2
2024-02,Tottori,HP,36.1,59,5
2024-02,Tottori,GP,28.1,50,4
2024-02,Shimane,HP,37.4,59,2
2024-02,Shimane,GP,26.6,39,2
2024-02,Okayama,HP,36.7,54,3
2024-02,Okayama,GP,29.2,54,4
2024-02,Hiroshima,HP,42.7,64,5
2024-02,Hiroshima,GP,33.9,54,3
2024-02,Yamaguchi,HP,37.5,63,4
2024-02,Yamaguchi,GP,23.8,41,2
2024-02,Tokushima,HP,33.7,55,4
2024-02,Tokushima,GP,28.5,52,1
2024-02,Kagawa,HP,34.1,54,4
2024-02,Kagawa,GP,22.6,45,1
2024-02,Ehime,HP,33.2,53,5
2024-02,Ehime,GP,26.5,45,3
2024-02,Kochi,HP,35.9,56,4
2024-02,Kochi,GP,23.2,49,4
2024-02,Fukuoka,HP,53.9,95,6
2024-02,Fukuoka,GP,41.6,69,4
2024-02,Saga,HP,36.4,55,3
2024-02,Saga,GP,27.9,39,1
2024-02,Nagasaki,HP,38.9,45,5
2024-02,Nagasaki,GP,22.9,49,1
2024-02,Kumamoto,HP,31.7,57,3
2024-02,Kumamoto,GP,26.0,49,3
2024-02,Oita,HP,30.7,55,4
2024-02,Oita,GP,25.8,47,2
2024-02,Miyazaki,HP,40.3,55,4
2024-02,Miyazaki,GP,30.2,44,1
2024-02,Kagoshima,HP,29.1,53,3
2024-02,Kagoshima,GP,29.0,48,2
2024-02,Okinawa,HP,35.3,72,3
2024-02,Okinawa,GP,24.4,36,2
2024-03,Hokkaido,HP,55.1,87,6
2024-03,Hokkaido,GP,45.0,76,6
2024-03,Aomori,HP,37.3,63,5
2024-03,Aomori,GP,32.0,55,4
2024-03,Iwate,HP,40.6,62,4
2024-03,Iwate,GP,24.5,58,2
2024-03,Miyagi,HP,43.3,74,4
2024-03,Miyagi,GP,32.1,62,4
2024-03,Akita,HP,41.2,61,4
2024-03,Akita,GP,31.8,61,4
2024-03,Yamagata,HP,41.0,58,5
2024-03,Yamagata,GP,30.4,48,4
2024-03,Fukushima,HP,37.8,64,4
2024-03,Fukushima,GP,30.2,53,2
2024-03,Ibaraki,HP,36.0,49,4
2024-03,Ibaraki,GP,27.5,48,2
2024-03,Tochigi,HP,39.8,58,3
2024-03,Tochigi,GP,30.0,54,3
2024-03,Gunma,HP,37.9,59,5
2024-03,Gunma,GP,34.4,48,3
2024-03,Saitama,HP,72.5,116,10
2024-03,Saitama,GP,55.6,91,7
2024-03,Chiba,HP,72.3,120,8
2024-03,Chiba,GP,56.9,102,7
2024-03,Tokyo,HP,134.8,225,22
2024-03,Tokyo,GP,107.7,188,15
2024-03,Kanagawa,HP,86.3,140,13
2024-03,Kanagawa,GP,68.2,113,9
2024-03,Niigata,HP,45.1,66,5
2024-03,Niigata,GP,29.0,57,3
2024-03,Toyama,HP,45.0,61,4
2024-03,Toyama,GP,30.7,50,3
2024-03,Ishikawa,HP,38.5,56,5
2024-03,Ishikawa,GP,26.8,46,3
2024-03,Fukui,HP,35.6,70,4
2024-03,Fukui,GP,29.4,59,3
2024-03,Yamanashi,HP,40.4,67,4
2024-03,Yamanashi,GP,28.7,52,3
2024-03,Nagano,HP,35.5,62,4
2024-03,Nagano,GP,33.3,53,5
2024-03,Gifu,HP,42.5,61,4
2024-03,Gifu,GP,33.2,57,3
2024-03,Shizuoka,HP,44.9,64,5
2024-03,Shizuoka,GP,31.4,55,2
2024-03,Aichi,HP,80.4,117,11
2024-03,Aichi,GP,58.9,103,6
2024-03,Mie,HP,40.0,65,5
2024-03,Mie,GP,30.2,42,3
2024-03,Shiga,HP,37.3,63,5
2024-03,Shiga,GP,28.3,57,2
2024-03,Kyoto,HP,53.3,86,8
2024-03,Kyoto,GP,33.5,62,4
2024-03,Osaka,HP,102.7,170,14
2024-03,Osaka,GP,78.4,140,10
2024-03,Hyogo,HP,64.3,103,7
2024-03,Hyogo,GP,46.0,82,8
2024-03,Nara,HP,35.9,56,5
2024-03,Nara,GP,22.9,47,4
2024-03,Wakayama,HP,40.0,69,4
2024-03,Wakayama,GP,26.5,54,2
2024-03,Tottori,HP,45.9,58,5
2024-03,Tottori,GP,35.3,44,3
2024-03,Shimane,HP,44.0,64,5
2024-03,Shimane,GP,29.0,47,3
2024-03,Okayama,HP,34.3,56,5
2024-03,Okayama,GP,32.4,51,4
2024-03,Hiroshima,HP,46.7,70,5
2024-03,Hiroshima,GP,34.4,51,4
2024-03,Yamaguchi,HP,37.3,65,5
2024-03,Yamaguchi,GP,29.5,51,3
2024-03,Tokushima,HP,38.7,59,5
2024-03,Tokushima,GP,29.7,56,2
2024-03,Kagawa,HP,39.8,67,5
2024-03,Kagawa,GP,32.3,60,4
2024-03,Ehime,HP,39.2,61,4
2024-03,Ehime,GP,28.6,61,3
2024-03,Kochi,HP,40.5,69,4
2024-03,Kochi,GP,30.4,58,3
2024-03,Fukuoka,HP,61.7,98,8
2024-03,Fukuoka,GP,46.8,74,6
2024-03,Saga,HP,41.2,59,4
2024-03,Saga,GP,30.7,50,2
2024-03,Nagasaki,HP,39.6,65,5
2024-03,Nagasaki,GP,29.2,49,3
2024-03,Kumamoto,HP,43.0,68,4
2024-03,Kumamoto,GP,28.6,59,3
2024-03,Oita,HP,41.2,66,6
2024-03,Oita,GP,24.1,46,2
2024-03,Miyazaki,HP,37.2,67,4
2024-03,Miyazaki,GP,33.9,56,4
2024-03,Kagoshima,HP,35.8,60,5
2024-03,Kagoshima,GP,31.3,47,3
2024-03,Okinawa,HP,31.9,65,4
2024-03,Okinawa,GP,32.3,51,2
2024-04,Hokkaido,HP,62.4,99,7
2024-04,Hokkaido,GP,40.8,80,5
2024-04,Aomori,HP,43.2,64,4
2024-04,Aomori,GP,32.5,46,4
2024-04,Iwate,HP,46.6,64,6
2024-04,Iwate,GP,30.0,57,4
2024-04,Miyagi,HP,49.2,79,9
2024-04,Miyagi,GP,36.4,64,4
2024-04,Akita,HP,48.9,70,4
2024-04,Akita,GP,30.9,63,4
2024-04,Yamagata,HP,43.1,69,5
2024-04,Yamagata,GP,31.9,55,3
2024-04,Fukushima,HP,42.6,77,5
2024-04,Fukushima,GP,33.4,57,4
2024-04,Ibaraki,HP,40.4,68,5
2024-04,Ibaraki,GP,30.4,55,3
2024-04,Tochigi,HP,41.9,75,4
2024-04,Tochigi,GP,37.1,48,3
2024-04,Gunma,HP,45.5,61,5
2024-04,Gunma,GP,29.1,63,3
2024-04,Saitama,HP,75.3,123,9
2024-04,Saitama,GP,63.7,113,7
2024-04,Chiba,HP,84.1,125,12
2024-04,Chiba,GP,57.3,111,7
2024-04,Tokyo,HP,146.2,230,25
2024-04,Tokyo,GP,115.6,191,17
2024-04,Kanagawa,HP,94.2,146,14
2024-04,Kanagawa,GP,73.9,123,9
2024-04,Niigata,HP,43.3,69,5
2024-04,Niigata,GP,35.1,70,2
2024-04,Toyama,HP,43.9,63,5
2024-04,Toyama,GP,32.8,60,4
2024-04,Ishikawa,HP,43.1,62,5
2024-04,Ishikawa,GP,33.6,50,5
2024-04,Fukui,HP,44.1,65,5
2024-04,Fukui,GP,33.6,56,5
2024-04,Yamanashi,HP,42.2,75,5
2024-04,Yamanashi,GP,36.7,57,2
2024-04,Nagano,HP,40.6,71,7
2024-04,Nagano,GP,34.3,57,4
2024-04,Gifu,HP,41.7,65,5
2024-04,Gifu,GP,35.0,61,3
2024-04,Shizuoka,HP,47.4,86,6
2024-04,Shizuoka,GP,34.1,64,4
2024-04,Aichi,HP,83.3,139,13
2024-04,Aichi,GP,67.1,109,9
2024-04,Mie,HP,43.3,71,4
2024-04,Mie,GP,31.5,60,4
2024-04,Shiga,HP,39.8,70,5
2024-04,Shiga,GP,27.7,46,3
2024-04,Kyoto,HP,55.3,91,9
2024-04,Kyoto,GP,44.1,63,5
2024-04,Osaka,HP,104.7,168,17
2024-04,Osaka,GP,81.7,144,11
2024-04,Hyogo,HP,70.1,111,10
2024-04,Hyogo,GP,51.9,84,6
2024-04,Nara,HP,49.6,69,5
2024-04,Nara,GP,28.7,49,2
2024-04,Wakayama,HP,44.1,61,5
2024-04,Wakayama,GP,37.9,58,4
2024-04,Tottori,HP,41.9,69,5
2024-04,Tottori,GP,34.2,66,3
2024-04,Shimane,HP,41.7,65,4
2024-04,Shimane,GP,37.7,51,4
2024-04,Okayama,HP,42.9,62,4
2024-04,Okayama,GP,40.8,57,3
2024-04,Hiroshima,HP,52.1,77,7
2024-04,Hiroshima,GP,37.5,64,5
2024-04,Yamaguchi,HP,41.0,70,6
2024-04,Yamaguchi,GP,32.5,53,3
2024-04,Tokushima,HP,37.5,66,4
2024-04,Tokushima,GP,31.0,59,3
2024-04,Kagawa,HP,43.9,63,6
2024-04,Kagawa,GP,31.9,50,3
2024-04,Ehime,HP,39.2,65,5
2024-04,Ehime,GP,32.2,51,3
2024-04,Kochi,HP,43.8,67,5
2024-04,Kochi,GP,33.1,55,3
2024-04,Fukuoka,HP,60.4,102,6
2024-04,Fukuoka,GP,50.5,93,6
2024-04,Saga,HP,37.4,53,6
2024-04,Saga,GP,38.7,60,5
2024-04,Nagasaki,HP,39.3,72,5
2024-04,Nagasaki,GP,33.6,60,4
2024-04,Kumamoto,HP,38.9,55,5
2024-04,Kumamoto,GP,33.1,61,5
2024-04,Oita,HP,45.6,69,5
2024-04,Oita,GP,34.5,57,3
2024-04,Miyazaki,HP,46.0,66,5
2024-04,Miyazaki,GP,34.1,58,5
2024-04,Kagoshima,HP,42.1,59,6
2024-04,Kagoshima,GP,33.8,51,3
2024-04,Okinawa,HP,42.7,57,6
2024-04,Okinawa,GP,41.4,62,4
2024-05,Hokkaido,HP,55.0,86,7
2024-05,Hokkaido,GP,45.4,81,4
2024-05,Aomori,HP,35.6,58,4
2024-05,Aomori,GP,30.3,52,3
2024-05,Iwate,HP,40.8,68,4
2024-05,Iwate,GP,30.9,53,3
2024-05,Miyagi,HP,40.8,77,5
2024-05,Miyagi,GP,35.6,66,4
2024-05,Akita,HP,39.8,61,5
2024-05,Akita,GP,33.3,51,3
2024-05,Yamagata,HP,42.2,53,4
2024-05,Yamagata,GP,28.2,47,3
2024-05,Fukushima,HP,36.1,61,4
2024-05,Fukushima,GP,32.9,47,3
2024-05,Ibaraki,HP,32.5,67,5
2024-05,Ibaraki,GP,31.9,63,4
2024-05,Tochigi,HP,33.9,67,4
2024-05,Tochigi,GP,28.2,45,4
2024-05,Gunma,HP,37.6,71,4
2024-05,Gunma,GP,32.2,59,2
2024-05,Saitama,HP,68.2,103,9
2024-05,Saitama,GP,55.1,100,6
2024-05,Chiba,HP,70.5,108,9
2024-05,Chiba,GP,54.4,93,6
2024-05,Tokyo,HP,139.0,217,21
2024-05,Tokyo,GP,105.6,177,13
2024-05,Kanagawa,HP,83.0,133,11
2024-05,Kanagawa,GP,64.7,107,8
2024-05,Niigata,HP,36.4,60,6
2024-05,Niigata,GP,26.3,55,2
2024-05,Toyama,HP,40.5,61,4
2024-05,Toyama,GP,30.9,52,2
2024-05,Ishikawa,HP,42.0,58,4
2024-05,Ishikawa,GP,36.4,58,4
2024-05,Fukui,HP,36.1,64,3
2024-05,Fukui,GP,32.2,56,2
2024-05,Yamanashi,HP,35.7,66,5
2024-05,Yamanashi,GP,31.6,47,3
2024-05,Nagano,HP,42.2,64,4
2024-05,Nagano,GP,27.2,48,3
2024-05,Gifu,HP,42.8,52,5
2024-05,Gifu,GP,28.5,45,3
2024-05,Shizuoka,HP,44.2,70,5
2024-05,Shizuoka,GP,36.6,52,3
2024-05,Aichi,HP,74.3,113,10
2024-05,Aichi,GP,58.0,106,7
2024-05,Mie,HP,40.8,66,5
2024-05,Mie,GP,24.2,61,4
2024-05,Shiga,HP,33.9,51,6
2024-05,Shiga,GP,28.9,59,3
2024-05,Kyoto,HP,51.0,79,5
2024-05,Kyoto,GP,40.1,70,4
2024-05,Osaka,HP,97.5,166,12
2024-05,Osaka,GP,75.6,130,9
2024-05,Hyogo,HP,61.4,100,9
2024-05,Hyogo,GP,48.3,78,5
2024-05,Nara,HP,35.8,69,4
2024-05,Nara,GP,29.1,52,2
2024-05,Wakayama,HP,41.5,67,4
2024-05,Wakayama,GP,29.3,50,4
2024-05,Tottori,HP,37.9,70,5
2024-05,Tottori,GP,32.2,44,3
2024-05,Shimane,HP,38.0,73,5
2024-05,Shimane,GP,27.6,49,5
2024-05,Okayama,HP,36.6,58,4
2024-05,Okayama,GP,32.6,61,2
2024-05,Hiroshima,HP,44.5,67,7
2024-05,Hiroshima,GP,34.7,59,4
2024-05,Yamaguchi,HP,44.2,61,4
2024-05,Yamaguchi,GP,26.7,52,3
2024-05,Tokushima,HP,35.0,59,4
2024-05,Tokushima,GP,30.2,49,4
2024-05,Kagawa,HP,41.8,72,4
2024-05,Kagawa,GP,28.7,53,3
2024-05,Ehime,HP,37.8,56,4
2024-05,Ehime,GP,28.5,44,4
2024-05,Kochi,HP,42.6,69,3
2024-05,Kochi,GP,30.6,48,3
2024-05,Fukuoka,HP,54.3,107,8
2024-05,Fukuoka,GP,43.0,88,5
2024-05,Saga,HP,35.9,65,4
2024-05,Saga,GP,27.7,51,2
2024-05,Nagasaki,HP,39.0,61,3
2024-05,Nagasaki,GP,26.0,54,2
2024-05,Kumamoto,HP,40.6,63,2
2024-05,Kumamoto,GP,29.0,49,2
2024-05,Oita,HP,39.3,50,4
2024-05,Oita,GP,24.4,53,3
2024-05,Miyazaki,HP,39.1,65,3
2024-05,Miyazaki,GP,32.1,48,2
2024-05,Kagoshima,HP,40.0,60,4
2024-05,Kagoshima,GP,27.8,59,3
2024-05,Okinawa,HP,36.1,62,5
2024-05,Okinawa,GP,31.8,46,3
2024-06,Hokkaido,HP,51.5,81,4
2024-06,Hokkaido,GP,31.0,59,4
2024-06,Aomori,HP,35.8,45,4
2024-06,Aomori,GP,22.3,54,2
2024-06,Iwate,HP,31.5,61,1
2024-06,Iwate,GP,25.6,45,0
2024-06,Miyagi,HP,38.3,54,5
2024-06,Miyagi,GP,28.6,61,2
2024-06,Akita,HP,28.8,56,2
2024-06,Akita,GP,23.8,46,2
2024-06,Yamagata,HP,36.2,57,2
2024-06,Yamagata,GP,26.9,46,2
2024-06,Fukushima,HP,33.5,55,3
2024-06,Fukushima,GP,27.0,48,2
2024-06,Ibaraki,HP,32.2,51,2
2024-06,Ibaraki,GP,21.7,48,2
2024-06,Tochigi,HP,36.4,51,3
2024-06,Tochigi,GP,27.5,40,2
2024-06,Gunma,HP,34.4,51,4
2024-06,Gunma,GP,28.3,50,3
2024-06,Saitama,HP,59.8,97,7
2024-06,Saitama,GP,51.0,75,4
2024-06,Chiba,HP,56.1,103,8
2024-06,Chiba,GP,42.4,81,4
2024-06,Tokyo,HP,116.7,192,15
2024-06,Tokyo,GP,86.3,156,10
2024-06,Kanagawa,HP,74.7,125,10
2024-06,Kanagawa,GP,51.3,102,7
2024-06,Niigata,HP,36.8,58,2
2024-06,Niigata,GP,27.2,45,3
2024-06,Toyama,HP,26.2,49,2
2024-06,Toyama,GP,27.0,43,1
2024-06,Ishikawa,HP,31.8,58,3
2024-06,Ishikawa,GP,25.5,44,3
2024-06,Fukui,HP,34.2,65,2
2024-06,Fukui,GP,27.3,45,2
2024-06,Yamanashi,HP,38.1,48,3
2024-06,Yamanashi,GP,19.5,43,3
2024-06,Nagano,HP,35.5,57,4
2024-06,Nagano,GP,29.1,38,2
2024-06,Gifu,HP,31.8,45,3
2024-06,Gifu,GP,28.2,46,3
2024-06,Shizuoka,HP,32.4,61,3
2024-06,Shizuoka,GP,23.3,56,1
2024-06,Aichi,HP,62.7,110,7
2024-06,Aichi,GP,51.3,85,5
2024-06,Mie,HP,32.6,49,4
2024-06,Mie,GP,29.2,46,3
2024-06,Shiga,HP,33.9,51,3
2024-06,Shiga,GP,20.2,42,3
2024-06,Kyoto,HP,41.9,73,4
2024-06,Kyoto,GP,29.2,52,3
2024-06,Osaka,HP,86.4,129,10
2024-06,Osaka,GP,63.7,111,6
2024-06,Hyogo,HP,53.8,86,6
2024-06,Hyogo,GP,38.3,71,6
2024-06,Nara,HP,30.3,56,4
2024-06,Nara,GP,27.0,37,1
2024-06,Wakayama,HP,39.5,53,4
2024-06,Wakayama,GP,30.8,50,2
2024-06,Tottori,HP,40.3,58,2
2024-06,Tottori,GP,26.7,44,3
2024-06,Shimane,HP,31.1,55,3
2024-06,Shimane,GP,26.3,47,2
2024-06,Okayama,HP,30.9,54,4
2024-06,Okayama,GP,21.2,41,3
2024-06,Hiroshima,HP,38.1,64,4
2024-06,Hiroshima,GP,32.9,44,2
2024-06,Yamaguchi,HP,28.8,55,3
2024-06,Yamaguchi,GP,22.2,39,1
2024-06,Tokushima,HP,33.8,52,2
2024-06,Tokushima,GP,21.4,53,2
2024-06,Kagawa,HP,29.5,59,3
2024-06,Kagawa,GP,27.3,37,0
2024-06,Ehime,HP,34.1,47,3
2024-06,Ehime,GP,30.0,54,1
2024-06,Kochi,HP,36.4,53,3
2024-06,Kochi,GP,24.4,46,2
2024-06,Fukuoka,HP,53.2,87,5
2024-06,Fukuoka,GP,37.2,71,2
2024-06,Saga,HP,33.0,50,3
2024-06,Saga,GP,19.1,49,4
2024-06,Nagasaki,HP,35.4,51,3
2024-06,Nagasaki,GP,26.8,41,5
2024-06,Kumamoto,HP,34.9,63,2
2024-06,Kumamoto,GP,25.5,45,3
2024-06,Oita,HP,35.5,62,1
2024-06,Oita,GP,25.5,37,2
2024-06,Miyazaki,HP,31.6,48,2
2024-06,Miyazaki,GP,30.5,44,1
2024-06,Kagoshima,HP,35.9,49,3
2024-06,Kagoshima,GP,22.6,40,2
2024-06,Okinawa,HP,36.5,57,3
2024-06,Okinawa,GP,28.2,41,2
2024-07,Hokkaido,HP,39.5,68,4
2024-07,Hokkaido,GP,32.9,51,2
2024-07,Aomori,HP,31.6,52,1
2024-07,Aomori,GP,22.5,49,2
2024-07,Iwate,HP,30.7,48,2
2024-07,Iwate,GP,21.6,42,2
2024-07,Miyagi,HP,39.4,60,3
2024-07,Miyagi,GP,23.6,51,3
2024-07,Akita,HP,28.4,53,2
2024-07,Akita,GP,20.7,40,0
2024-07,Yamagata,HP,31.6,45,2
2024-07,Yamagata,GP,25.8,32,1
2024-07,Fukushima,HP,32.9,62,3
2024-07,Fukushima,GP,22.4,43,2
2024-07,Ibaraki,HP,27.1,51,2
2024-07,Ibaraki,GP,24.0,48,1
2024-07,Tochigi,HP,25.8,40,2
2024-07,Tochigi,GP,14.1,48,2
2024-07,Gunma,HP,28.4,44,1
2024-07,Gunma,GP,28.1,43,2
2024-07,Saitama,HP,52.2,84,6
2024-07,Saitama,GP,39.2,74,4
2024-07,Chiba,HP,51.3,93,5
2024-07,Chiba,GP,36.4,81,4
2024-07,Tokyo,HP,104.1,176,14
2024-07,Tokyo,GP,83.8,138,10
2024-07,Kanagawa,HP,62.8,110,6
2024-07,Kanagawa,GP,48.2,89,5
2024-07,Niigata,HP,26.3,50,2
2024-07,Niigata,GP,29.0,42,3
2024-07,Toyama,HP,29.7,46,4
2024-07,Toyama,GP,21.2,33,0
2024-07,Ishikawa,HP,29.1,49,2
2024-07,Ishikawa,GP,20.4,49,3
2024-07,Fukui,HP,28.2,53,2
2024-07,Fukui,GP,28.0,37,1
2024-07,Yamanashi,HP,27.9,47,3
2024-07,Yamanashi,GP,23.4,39,2
2024-07,Nagano,HP,30.4,47,3
2024-07,Nagano,GP,22.8,40,2
2024-07,Gifu,HP,31.6,53,3
2024-07,Gifu,GP,20.9,34,0
2024-07,Shizuoka,HP,35.6,55,3
2024-07,Shizuoka,GP,26.1,51,2
2024-07,Aichi,HP,62.4,102,6
2024-07,Aichi,GP,51.7,87,6
2024-07,Mie,HP,31.8,50,3
2024-07,Mie,GP,18.2,52,2
2024-07,Shiga,HP,28.0,55,2
2024-07,Shiga,GP,21.3,39,2
2024-07,Kyoto,HP,36.2,70,3
2024-07,Kyoto,GP,26.5,55,3
2024-07,Osaka,HP,75.1,125,8
2024-07,Osaka,GP,55.2,108,5
2024-07,Hyogo,HP,46.1,84,6
2024-07,Hyogo,GP,43.2,67,3
2024-07,Nara,HP,32.5,53,2
2024-07,Nara,GP,26.2,42,2
2024-07,Wakayama,HP,29.8,46,1
2024-07,Wakayama,GP,24.6,41,2
2024-07,Tottori,HP,25.2,62,1
2024-07,Tottori,GP,22.4,39,2
2024-07,Shimane,HP,28.2,50,2
2024-07,Shimane,GP,21.1,46,2
2024-07,Okayama,HP,31.5,49,3
2024-07,Okayama,GP,24.0,43,2
2024-07,Hiroshima,HP,35.8,64,4
2024-07,Hiroshima,GP,28.1,51,1
2024-07,Yamaguchi,HP,32.1,48,3
2024-07,Yamaguchi,GP,22.8,37,1
2024-07,Tokushima,HP,28.7,51,3
2024-07,Tokushima,GP,28.2,39,1
2024-07,Kagawa,HP,33.9,47,2
2024-07,Kagawa,GP,25.2,43,2
2024-07,Ehime,HP,26.2,59,3
2024-07,Ehime,GP,22.9,39,2
2024-07,Kochi,HP,31.8,44,3
2024-07,Kochi,GP,23.7,40,1
2024-07,Fukuoka,HP,45.1,72,6
2024-07,Fukuoka,GP,33.3,63,3
2024-07,Saga,HP,26.4,44,2
2024-07,Saga,GP,26.0,41,2
2024-07,Nagasaki,HP,35.5,55,3
2024-07,Nagasaki,GP,22.9,36,1
2024-07,Kumamoto,HP,27.5,54,3
2024-07,Kumamoto,GP,23.3,40,2
2024-07,Oita,HP,30.3,55,3
2024-07,Oita,GP,26.4,47,1
2024-07,Miyazaki,HP,32.6,46,2
2024-07,Miyazaki,GP,20.5,36,1
2024-07,Kagoshima,HP,34.1,45,2
2024-07,Kagoshima,GP,27.8,43,0
2024-07,Okinawa,HP,30.2,46,2
2024-07,Okinawa,GP,19.9,44,3
2024-08,Hokkaido,HP,49.9,77,3
2024-08,Hokkaido,GP,34.7,71,3
2024-08,Aomori,HP,28.7,60,3
2024-08,Aomori,GP,22.4,43,2
2024-08,Iwate,HP,26.7,50,3
2024-08,Iwate,GP,24.7,43,3
2024-08,Miyagi,HP,35.5,67,3
2024-08,Miyagi,GP,35.1,49,2
2024-08,Akita,HP,39.9,45,4
2024-08,Akita,GP,24.3,49,2
2024-08,Yamagata,HP,33.5,51,5
2024-08,Yamagata,GP,26.6,47,1
2024-08,Fukushima,HP,30.8,55,4
2024-08,Fukushima,GP,20.7,49,3
2024-08,Ibaraki,HP,34.8,53,3
2024-08,Ibaraki,GP,25.6,40,2
2024-08,Tochigi,HP,35.3,49,1
2024-08,Tochigi,GP,24.3,46,2
2024-08,Gunma,HP,31.8,56,2
2024-08,Gunma,GP,22.8,40,2
2024-08,Saitama,HP,54.3,95,8
2024-08,Saitama,GP,44.1,83,4
2024-08,Chiba,HP,58.0,97,6
2024-08,Chiba,GP,47.2,86,5
2024-08,Tokyo,HP,111.5,188,15
2024-08,Tokyo,GP,92.6,161,12
2024-08,Kanagawa,HP,71.8,113,8
2024-08,Kanagawa,GP,57.1,101,7
2024-08,Niigata,HP,36.1,59,2
2024-08,Niigata,GP,27.9,44,3
2024-08,Toyama,HP,29.6,55,3
2024-08,Toyama,GP,21.7,47,2
2024-08,Ishikawa,HP,39.2,55,3
2024-08,Ishikawa,GP,21.6,46,3
2024-08,Fukui,HP,28.9,48,4
2024-08,Fukui,GP,26.2,34,2
2024-08,Yamanashi,HP,27.8,56,4
2024-08,Yamanashi,GP,25.1,51,1
2024-08,Nagano,HP,32.5,54,4
2024-08,Nagano,GP,27.7,48,3
2024-08,Gifu,HP,32.7,53,3
2024-08,Gifu,GP,24.6,47,1
2024-08,Shizuoka,HP,34.5,60,3
2024-08,Shizuoka,GP,24.7,50,4
2024-08,Aichi,HP,59.5,102,8
2024-08,Aichi,GP,50.9,80,5
2024-08,Mie,HP,31.8,58,3
2024-08,Mie,GP,23.0,49,1
2024-08,Shiga,HP,37.9,61,4
2024-08,Shiga,GP,27.5,39,3
2024-08,Kyoto,HP,36.9,74,5
2024-08,Kyoto,GP,29.5,56,3
2024-08,Osaka,HP,79.3,138,11
2024-08,Osaka,GP,65.9,123,6
2024-08,Hyogo,HP,55.2,89,6
2024-08,Hyogo,GP,35.8,65,3
2024-08,Nara,HP,32.2,47,3
2024-08,Nara,GP,25.1,48,2
2024-08,Wakayama,HP,34.3,56,3
2024-08,Wakayama,GP,24.4,36,3
2024-08,Tottori,HP,33.8,54,2
2024-08,Tottori,GP,25.8,46,2
2024-08,Shimane,HP,35.9,63,3
2024-08,Shimane,GP,21.8,39,1
2024-08,Okayama,HP,28.7,48,4
2024-08,Okayama,GP,26.6,45,3
2024-08,Hiroshima,HP,37.2,62,3
2024-08,Hiroshima,GP,33.0,54,4
2024-08,Yamaguchi,HP,30.5,45,3
2024-08,Yamaguchi,GP,21.2,51,2
2024-08,Tokushima,HP,29.6,53,3
2024-08,Tokushima,GP,15.5,40,2
2024-08,Kagawa,HP,34.7,54,1
2024-08,Kagawa,GP,23.6,35,2
2024-08,Ehime,HP,32.8,52,2
2024-08,Ehime,GP,23.4,52,2
2024-08,Kochi,HP,32.3,57,4
2024-08,Kochi,GP,26.0,41,1
2024-08,Fukuoka,HP,50.1,86,5
2024-08,Fukuoka,GP,36.6,70,4
2024-08,Saga,HP,32.6,52,3
2024-08,Saga,GP,20.7,40,3
2024-08,Nagasaki,HP,31.2,54,1
2024-08,Nagasaki,GP,21.4,46,2
2024-08,Kumamoto,HP,36.2,47,4
2024-08,Kumamoto,GP,20.7,37,3
2024-08,Oita,HP,34.4,67,3
2024-08,Oita,GP,24.7,34,3
2024-08,Miyazaki,HP,34.8,52,2
2024-08,Miyazaki,GP,24.9,41,2
2024-08,Kagoshima,HP,28.9,55,3
2024-08,Kagoshima,GP,26.6,33,1
2024-08,Okinawa,HP,35.6,57,2
2024-08,Okinawa,GP,24.5,51,3
2024-09,Hokkaido,HP,49.1,99,6
2024-09,Hokkaido,GP,38.7,69,5
2024-09,Aomori,HP,42.1,63,5
2024-09,Aomori,GP,34.7,54,4
2024-09,Iwate,HP,39.7,65,4
2024-09,Iwate,GP,29.6,44,5
2024-09,Miyagi,HP,42.7,72,6
2024-09,Miyagi,GP,35.1,67,4
2024-09,Akita,HP,42.3,69,4
2024-09,Akita,GP,27.0,50,3
2024-09,Yamagata,HP,36.4,63,4
2024-09,Yamagata,GP,30.7,43,4
2024-09,Fukushima,HP,43.4,53,5
2024-09,Fukushima,GP,30.1,51,3
2024-09,Ibaraki,HP,37.7,69,4
2024-09,Ibaraki,GP,31.2,54,4
2024-09,Tochigi,HP,42.2,59,3
2024-09,Tochigi,GP,29.7,54,3
2024-09,Gunma,HP,37.5,57,6
2024-09,Gunma,GP,25.9,53,1
2024-09,Saitama,HP,68.4,111,10
2024-09,Saitama,GP,57.3,97,6
2024-09,Chiba,HP,70.0,113,9
2024-09,Chiba,GP,57.4,94,7
2024-09,Tokyo,HP,134.5,222,23
2024-09,Tokyo,GP,104.3,181,15
2024-09,Kanagawa,HP,83.3,139,10
2024-09,Kanagawa,GP,63.6,112,7
2024-09,Niigata,HP,35.8,68,4
2024-09,Niigata,GP,21.9,58,1
2024-09,Toyama,HP,41.3,70,5
2024-09,Toyama,GP,29.8,50,3
2024-09,Ishikawa,HP,36.7,61,4
2024-09,Ishikawa,GP,27.9,55,2
2024-09,Fukui,HP,42.0,62,3
2024-09,Fukui,GP,27.5,46,2
2024-09,Yamanashi,HP,34.0,57,5
2024-09,Yamanashi,GP,28.3,54,5
2024-09,Nagano,HP,37.2,65,4
2024-09,Nagano,GP,27.7,53,3
2024-09,Gifu,HP,39.6,64,4
2024-09,Gifu,GP,23.3,54,2
2024-09,Shizuoka,HP,45.3,72,4
2024-09,Shizuoka,GP,32.9,58,3
2024-09,Aichi,HP,77.1,116,10
2024-09,Aichi,GP,58.9,106,8
2024-09,Mie,HP,37.6,58,5
2024-09,Mie,GP,26.1,51,3
2024-09,Shiga,HP,37.4,57,3
2024-09,Shiga,GP,25.3,50,3
2024-09,Kyoto,HP,52.4,91,6
2024-09,Kyoto,GP,34.8,55,5
2024-09,Osaka,HP,100.7,148,13
2024-09,Osaka,GP,73.0,126,10
2024-09,Hyogo,HP,60.5,99,8
2024-09,Hyogo,GP,49.1,79,5
2024-09,Nara,HP,37.6,62,4
2024-09,Nara,GP,26.1,50,1
2024-09,Wakayama,HP,39.4,66,4
2024-09,Wakayama,GP,26.2,39,4
2024-09,Tottori,HP,38.5,59,4
2024-09,Tottori,GP,31.3,50,4
2024-09,Shimane,HP,37.8,72,4
2024-09,Shimane,GP,31.3,55,3
2024-09,Okayama,HP,42.6,69,6
2024-09,Okayama,GP,30.1,58,3
2024-09,Hiroshima,HP,45.2,74,6
2024-09,Hiroshima,GP,34.4,54,3
2024-09,Yamaguchi,HP,41.0,64,3
2024-09,Yamaguchi,GP,29.0,53,3
2024-09,Tokushima,HP,38.9,64,4
2024-09,Tokushima,GP,30.7,50,3
2024-09,Kagawa,HP,43.1,63,5
2024-09,Kagawa,GP,30.7,50,3
2024-09,Ehime,HP,43.2,65,4
2024-09,Ehime,GP,30.4,53,3
2024-09,Kochi,HP,35.7,62,7
2024-09,Kochi,GP,28.0,50,3
2024-09,Fukuoka,HP,56.0,95,6
2024-09,Fukuoka,GP,45.6,83,5
2024-09,Saga,HP,34.2,50,4
2024-09,Saga,GP,34.8,52,5
2024-09,Nagasaki,HP,37.3,60,3
2024-09,Nagasaki,GP,27.8,51,3
2024-09,Kumamoto,HP,33.8,62,5
2024-09,Kumamoto,GP,33.7,51,4
2024-09,Oita,HP,40.3,61,3
2024-09,Oita,GP,29.1,58,2
2024-09,Miyazaki,HP,33.2,63,3
2024-09,Miyazaki,GP,28.7,47,3
2024-09,Kagoshima,HP,42.2,58,5
2024-09,Kagoshima,GP,29.6,46,3
2024-09,Okinawa,HP,40.4,59,4
2024-09,Okinawa,GP,33.8,52,4
2024-10,Hokkaido,HP,64.5,94,6
2024-10,Hokkaido,GP,46.2,81,6
2024-10,Aomori,HP,45.3,71,6
2024-10,Aomori,GP,32.7,59,3
2024-10,Iwate,HP,41.5,75,5
2024-10,Iwate,GP,33.1,61,3
2024-10,Miyagi,HP,54.4,85,7
2024-10,Miyagi,GP,37.4,73,4
2024-10,Akita,HP,43.9,63,5
2024-10,Akita,GP,30.8,51,4
2024-10,Yamagata,HP,43.1,57,4
2024-10,Yamagata,GP,28.4,61,3
2024-10,Fukushima,HP,41.4,66,5
2024-10,Fukushima,GP,34.9,53,3
2024-10,Ibaraki,HP,50.1,70,4
2024-10,Ibaraki,GP,32.3,61,3
2024-10,Tochigi,HP,42.9,69,5
2024-10,Tochigi,GP,35.1,60,4
2024-10,Gunma,HP,39.3,68,4
2024-10,Gunma,GP,35.3,54,3
2024-10,Saitama,HP,77.3,126,9
2024-10,Saitama,GP,60.4,93,8
2024-10,Chiba,HP,81.0,124,10
2024-10,Chiba,GP,56.5,104,9
2024-10,Tokyo,HP,146.3,240,25
2024-10,Tokyo,GP,115.4,195,18
2024-10,Kanagawa,HP,93.9,148,14
2024-10,Kanagawa,GP,69.3,129,10
2024-10,Niigata,HP,38.8,74,6
2024-10,Niigata,GP,31.3,64,3
2024-10,Toyama,HP,43.9,77,4
2024-10,Toyama,GP,40.8,55,3
2024-10,Ishikawa,HP,42.4,72,4
2024-10,Ishikawa,GP,28.6,53,5
2024-10,Fukui,HP,42.2,65,5
2024-10,Fukui,GP,35.0,54,3
2024-10,Yamanashi,HP,41.6,62,5
2024-10,Yamanashi,GP,30.0,56,3
2024-10,Nagano,HP,40.7,68,6
2024-10,Nagano,GP,31.8,56,3
2024-10,Gifu,HP,41.6,69,6
2024-10,Gifu,GP,31.7,60,4
2024-10,Shizuoka,HP,47.9,69,6
2024-10,Shizuoka,GP,33.6,64,4
2024-10,Aichi,HP,86.5,131,12
2024-10,Aichi,GP,58.6,116,8
2024-10,Mie,HP,43.9,55,4
2024-10,Mie,GP,36.5,53,2
2024-10,Shiga,HP,46.0,70,5
2024-10,Shiga,GP,28.6,51,3
2024-10,Kyoto,HP,58.7,84,8
2024-10,Kyoto,GP,44.6,68,6
2024-10,Osaka,HP,100.9,162,16
2024-10,Osaka,GP,78.5,141,10
2024-10,Hyogo,HP,75.8,117,9
2024-10,Hyogo,GP,54.3,88,6
2024-10,Nara,HP,38.0,67,5
2024-10,Nara,GP,24.7,55,5
2024-10,Wakayama,HP,35.8,62,4
2024-10,Wakayama,GP,29.2,65,2
2024-10,Tottori,HP,47.7,69,4
2024-10,Tottori,GP,36.8,60,4
2024-10,Shimane,HP,42.9,66,6
2024-10,Shimane,GP,34.7,58,3
2024-10,Okayama,HP,47.2,71,5
2024-10,Okayama,GP,36.1,66,4
2024-10,Hiroshima,HP,50.0,75,8
2024-10,Hiroshima,GP,43.5,66,5
2024-10,Yamaguchi,HP,41.5,73,6
2024-10,Yamaguchi,GP,30.1,66,3
2024-10,Tokushima,HP,41.6,67,6
2024-10,Tokushima,GP,34.3,55,3
2024-10,Kagawa,HP,42.7,66,5
2024-10,Kagawa,GP,36.3,59,4
2024-10,Ehime,HP,43.6,67,5
2024-10,Ehime,GP,31.7,56,3
2024-10,Kochi,HP,42.9,73,5
2024-10,Kochi,GP,28.8,68,4
2024-10,Fukuoka,HP,68.8,97,9
2024-10,Fukuoka,GP,48.8,88,5
2024-10,Saga,HP,49.1,67,5
2024-10,Saga,GP,37.2,50,3
2024-10,Nagasaki,HP,46.6,62,5
2024-10,Nagasaki,GP,32.8,48,4
2024-10,Kumamoto,HP,39.8,68,5
2024-10,Kumamoto,GP,31.3,49,3
2024-10,Oita,HP,45.2,68,5
2024-10,Oita,GP,31.7,62,2
2024-10,Miyazaki,HP,46.7,68,4
2024-10,Miyazaki,GP,33.6,48,4
2024-10,Kagoshima,HP,46.5,67,5
2024-10,Kagoshima,GP,31.5,60,4
2024-10,Okinawa,HP,43.0,66,5
2024-10,Okinawa,GP,36.4,59,5
2024-11,Hokkaido,HP,51.0,87,6
2024-11,Hokkaido,GP,43.2,81,5
2024-11,Aomori,HP,39.5,55,5
2024-11,Aomori,GP,32.5,59,4
2024-11,Iwate,HP,44.3,68,5
2024-11,Iwate,GP,28.8,51,3
2024-11,Miyagi,HP,46.4,79,5
2024-11,Miyagi,GP,41.6,71,4
2024-11,Akita,HP,37.9,57,5
2024-11,Akita,GP,29.9,52,2
2024-11,Yamagata,HP,43.3,65,4
2024-11,Yamagata,GP,28.1,49,3
2024-11,Fukushima,HP,42.6,54,4
2024-11,Fukushima,GP,30.6,48,4
2024-11,Ibaraki,HP,36.5,59,4
2024-11,Ibaraki,GP,30.2,55,4
2024-11,Tochigi,HP,39.6,67,4
2024-11,Tochigi,GP,29.4,63,2
2024-11,Gunma,HP,36.4,61,4
2024-11,Gunma,GP,32.9,50,2
2024-11,Saitama,HP,70.5,117,10
2024-11,Saitama,GP,56.6,97,8
2024-11,Chiba,HP,70.0,113,10
2024-11,Chiba,GP,58.6,97,6
2024-11,Tokyo,HP,136.9,224,22
2024-11,Tokyo,GP,106.7,194,15
2024-11,Kanagawa,HP,83.8,130,13
2024-11,Kanagawa,GP,71.3,113,8
2024-11,Niigata,HP,44.3,62,4
2024-11,Niigata,GP,34.2,53,2
2024-11,Toyama,HP,41.1,50,4
2024-11,Toyama,GP,30.8,45,3
2024-11,Ishikawa,HP,36.8,58,6
2024-11,Ishikawa,GP,29.7,54,2
2024-11,Fukui,HP,39.5,63,4
2024-11,Fukui,GP,32.3,42,2
2024-11,Yamanashi,HP,37.0,66,3
2024-11,Yamanashi,GP,30.9,59,2
2024-11,Nagano,HP,42.4,66,4
2024-11,Nagano,GP,30.9,59,4
2024-11,Gifu,HP,45.1,63,4
2024-11,Gifu,GP,32.1,53,2
2024-11,Shizuoka,HP,41.4,61,5
2024-11,Shizuoka,GP,33.6,70,3
2024-11,Aichi,HP,76.8,133,10
2024-11,Aichi,GP,60.8,108,6
2024-11,Mie,HP,38.5,55,4
2024-11,Mie,GP,29.3,47,4
2024-11,Shiga,HP,38.4,69,4
2024-11,Shiga,GP,37.3,54,2
2024-11,Kyoto,HP,56.6,84,7
2024-11,Kyoto,GP,36.6,68,5
2024-11,Osaka,HP,99.8,164,14
2024-11,Osaka,GP,77.6,132,10
2024-11,Hyogo,HP,62.5,105,8
2024-11,Hyogo,GP,48.7,85,7
2024-11,Nara,HP,36.4,56,4
2024-11,Nara,GP,24.5,54,2
2024-11,Wakayama,HP,34.5,59,3
2024-11,Wakayama,GP,37.7,57,4
2024-11,Tottori,HP,41.9,72,4
2024-11,Tottori,GP,32.3,55,3
2024-11,Shimane,HP,36.8,67,5
2024-11,Shimane,GP,29.4,48,3
2024-11,Okayama,HP,39.8,66,5
2024-11,Okayama,GP,29.8,53,2
2024-11,Hiroshima,HP,48.9,72,6
2024-11,Hiroshima,GP,33.6,57,5
2024-11,Yamaguchi,HP,42.6,73,4
2024-11,Yamaguchi,GP,29.4,54,3
2024-11,Tokushima,HP,44.0,63,5
2024-11,Tokushima,GP,23.5,55,3
2024-11,Kagawa,HP,45.1,68,4
2024-11,Kagawa,GP,25.2,49,2
2024-11,Ehime,HP,42.1,68,4
2024-11,Ehime,GP,26.6,56,3
2024-11,Kochi,HP,38.4,65,6
2024-11,Kochi,GP,22.2,48,3
2024-11,Fukuoka,HP,62.1,97,8
2024-11,Fukuoka,GP,46.8,83,5
2024-11,Saga,HP,35.3,57,5
2024-11,Saga,GP,30.4,47,1
2024-11,Nagasaki,HP,38.4,64,4
2024-11,Nagasaki,GP,30.0,49,2
2024-11,Kumamoto,HP,40.7,70,4
2024-11,Kumamoto,GP,29.2,50,2
2024-11,Oita,HP,41.5,61,4
2024-11,Oita,GP,31.6,53,3
2024-11,Miyazaki,HP,39.2,66,5
2024-11,Miyazaki,GP,30.4,49,4
2024-11,Kagoshima,HP,41.5,67,6
2024-11,Kagoshima,GP,32.9,54,4
2024-11,Okinawa,HP,37.8,55,3
2024-11,Okinawa,GP,29.0,55,2
2024-12,Hokkaido,HP,47.7,88,5
2024-12,Hokkaido,GP,36.9,67,3
2024-12,Aomori,HP,33.6,64,5
2024-12,Aomori,GP,28.4,44,1
2024-12,Iwate,HP,30.2,56,3
2024-12,Iwate,GP,32.5,47,2
2024-12,Miyagi,HP,38.7,76,7
2024-12,Miyagi,GP,27.3,58,3
2024-12,Akita,HP,39.2,71,4
2024-12,Akita,GP,25.9,45,2
2024-12,Yamagata,HP,32.6,49,3
2024-12,Yamagata,GP,27.0,55,3
2024-12,Fukushima,HP,36.5,66,4
2024-12,Fukushima,GP,28.9,39,3
2024-12,Ibaraki,HP,29.1,61,3
2024-12,Ibaraki,GP,30.9,46,2
2024-12,Tochigi,HP,30.3,66,3
2024-12,Tochigi,GP,32.2,44,2
2024-12,Gunma,HP,32.7,62,5
2024-12,Gunma,GP,29.6,48,2
2024-12,Saitama,HP,59.6,95,8
2024-12,Saitama,GP,50.8,92,5
2024-12,Chiba,HP,60.8,96,6
2024-12,Chiba,GP,48.9,81,5
2024-12,Tokyo,HP,124.7,200,16
2024-12,Tokyo,GP,91.5,159,11
2024-12,Kanagawa,HP,81.9,120,8
2024-12,Kanagawa,GP,61.2,96,6
2024-12,Niigata,HP,34.2,57,3
2024-12,Niigata,GP,25.5,44,2
2024-12,Toyama,HP,37.8,52,4
2024-12,Toyama,GP,24.4,51,1
2024-12,Ishikawa,HP,29.0,49,2
2024-12,Ishikawa,GP,26.8,48,2
2024-12,Fukui,HP,33.9,45,2
2024-12,Fukui,GP,26.7,49,4
2024-12,Yamanashi,HP,36.6,50,4
2024-12,Yamanashi,GP,24.6,46,2
2024-12,Nagano,HP,39.9,55,4
2024-12,Nagano,GP,29.5,46,3
2024-12,Gifu,HP,34.6,55,4
2024-12,Gifu,GP,26.8,53,3
2024-12,Shizuoka,HP,38.3,66,3
2024-12,Shizuoka,GP,25.8,57,2
2024-12,Aichi,HP,73.4,105,8
2024-12,Aichi,GP,54.3,93,5
2024-12,Mie,HP,30.3,62,4
2024-12,Mie,GP,24.7,42,4
2024-12,Shiga,HP,31.6,57,3
2024-12,Shiga,GP,26.7,46,3
2024-12,Kyoto,HP,45.7,79,5
2024-12,Kyoto,GP,32.6,71,3
2024-12,Osaka,HP,87.1,139,11
2024-12,Osaka,GP,68.5,116,8
2024-12,Hyogo,HP,50.8,91,6
2024-12,Hyogo,GP,44.9,75,5
2024-12,Nara,HP,37.4,58,3
2024-12,Nara,GP,27.6,50,1
2024-12,Wakayama,HP,34.5,52,4
2024-12,Wakayama,GP,27.2,46,3
2024-12,Tottori,HP,29.1,56,4
2024-12,Tottori,GP,30.1,51,2
2024-12,Shimane,HP,31.2,55,4
2024-12,Shimane,GP,26.7,45,3
2024-12,Okayama,HP,32.9,53,3
2024-12,Okayama,GP,27.9,42,3
2024-12,Hiroshima,HP,43.4,67,5
2024-12,Hiroshima,GP,28.4,56,3
2024-12,Yamaguchi,HP,34.5,49,5
2024-12,Yamaguchi,GP,31.4,51,0
2024-12,Tokushima,HP,32.1,58,4
2024-12,Tokushima,GP,27.9,41,3
2024-12,Kagawa,HP,36.9,58,4
2024-12,Kagawa,GP,28.1,44,2
2024-12,Ehime,HP,36.2,59,4
2024-12,Ehime,GP,24.1,43,1
2024-12,Kochi,HP,30.5,57,3
2024-12,Kochi,GP,28.4,56,1
2024-12,Fukuoka,HP,54.5,89,6
2024-12,Fukuoka,GP,38.1,77,4
2024-12,Saga,HP,34.6,61,2
2024-12,Saga,GP,23.0,46,3
2024-12,Nagasaki,HP,32.5,50,4
2024-12,Nagasaki,GP,26.1,40,1
2024-12,Kumamoto,HP,35.9,57,2
2024-12,Kumamoto,GP,24.3,46,1
2024-12,Oita,HP,36.2,56,3
2024-12,Oita,GP,23.0,48,3
2024-12,Miyazaki,HP,37.3,57,3
2024-12,Miyazaki,GP,28.3,50,4
2024-12,Kagoshima,HP,32.8,47,4
2024-12,Kagoshima,GP,27.3,45,3
2024-12,Okinawa,HP,33.6,59,2
2024-12,Okinawa,GP,25.1,45,2
2025-01,Hokkaido,HP,49.7,76,5
2025-01,Hokkaido,GP,33.0,53,2
2025-01,Aomori,HP,34.9,60,4
2025-01,Aomori,GP,21.9,42,3
2025-01,Iwate,HP,33.1,59,3
2025-01,Iwate,GP,22.5,43,2
2025-01,Miyagi,HP,41.4,63,4
2025-01,Miyagi,GP,35.6,51,3
2025-01,Akita,HP,33.8,52,5
2025-01,Akita,GP,25.5,50,2
2025-01,Yamagata,HP,33.8,54,3
2025-01,Yamagata,GP,18.7,42,2
2025-01,Fukushima,HP,35.7,58,4
2025-01,Fukushima,GP,29.8,46,4
2025-01,Ibaraki,HP,32.7,52,2
2025-01,Ibaraki,GP,25.0,36,1
2025-01,Tochigi,HP,34.9,44,3
2025-01,Tochigi,GP,26.7,40,3
2025-01,Gunma,HP,27.3,56,4
2025-01,Gunma,GP,22.7,44,3
2025-01,Saitama,HP,63.9,105,7
2025-01,Saitama,GP,43.7,80,5
2025-01,Chiba,HP,64.2,100,7
2025-01,Chiba,GP,46.4,90,4
2025-01,Tokyo,HP,114.8,188,16
2025-01,Tokyo,GP,86.6,154,10
2025-01,Kanagawa,HP,73.7,121,9
2025-01,Kanagawa,GP,53.2,93,6
2025-01,Niigata,HP,33.3,54,4
2025-01,Niigata,GP,23.8,47,3
2025-01,Toyama,HP,26.7,55,3
2025-01,Toyama,GP,27.4,40,3
2025-01,Ishikawa,HP,31.4,51,3
2025-01,Ishikawa,GP,26.4,46,1
2025-01,Fukui,HP,33.5,49,2
2025-01,Fukui,GP,28.8,56,2
2025-01,Yamanashi,HP,30.1,50,2
2025-01,Yamanashi,GP,28.3,41,2
2025-01,Nagano,HP,28.3,52,2
2025-01,Nagano,GP,29.0,56,2
2025-01,Gifu,HP,32.5,59,2
2025-01,Gifu,GP,28.2,51,2
2025-01,Shizuoka,HP,36.9,60,3
2025-01,Shizuoka,GP,26.5,51,2
2025-01,Aichi,HP,67.5,114,8
2025-01,Aichi,GP,50.5,89,5
2025-01,Mie,HP,32.4,50,3
2025-01,Mie,GP,22.8,39,3
2025-01,Shiga,HP,34.6,53,3
2025-01,Shiga,GP,20.2,50,1
2025-01,Kyoto,HP,44.2,64,5
2025-01,Kyoto,GP,33.1,63,2
2025-01,Osaka,HP,85.6,136,12
2025-01,Osaka,GP,59.1,113,6
2025-01,Hyogo,HP,46.6,87,6
2025-01,Hyogo,GP,40.2,61,4
2025-01,Nara,HP,33.6,48,4
2025-01,Nara,GP,22.7,42,2
2025-01,Wakayama,HP,32.0,50,3
2025-01,Wakayama,GP,27.5,39,3
2025-01,Tottori,HP,32.1,53,3
2025-01,Tottori,GP,24.6,43,3
2025-01,Shimane,HP,30.6,47,2
2025-01,Shimane,GP,21.7,45,3
2025-01,Okayama,HP,24.5,52,3
2025-01,Okayama,GP,25.6,46,4
2025-01,Hiroshima,HP,38.5,71,4
2025-01,Hiroshima,GP,27.2,43,3
2025-01,Yamaguchi,HP,28.5,56,4
2025-01,Yamaguchi,GP,23.6,45,2
2025-01,Tokushima,HP,36.9,50,2
2025-01,Tokushima,GP,25.9,54,2
2025-01,Kagawa,HP,31.8,50,3
2025-01,Kagawa,GP,26.4,45,2
2025-01,Ehime,HP,35.6,55,1
2025-01,Ehime,GP,27.1,37,2
2025-01,Kochi,HP,36.3,60,5
2025-01,Kochi,GP,29.2,45,3
2025-01,Fukuoka,HP,47.0,80,5
2025-01,Fukuoka,GP,36.4,56,2
2025-01,Saga,HP,31.5,52,2
2025-01,Saga,GP,26.4,46,1
2025-01,Nagasaki,HP,33.9,41,2
2025-01,Nagasaki,GP,23.7,50,1
2025-01,Kumamoto,HP,36.3,58,4
2025-01,Kumamoto,GP,29.6,50,4
2025-01,Oita,HP,34.7,50,1
2025-01,Oita,GP,27.5,41,2
2025-01,Miyazaki,HP,33.9,42,4
2025-01,Miyazaki,GP,19.5,50,2
2025-01,Kagoshima,HP,32.5,55,2
2025-01,Kagoshima,GP,29.3,36,3
2025-01,Okinawa,HP,25.4,50,2
2025-01,Okinawa,GP,31.8,49,2
2025-02,Hokkaido,HP,46.6,76,5
2025-02,Hokkaido,GP,38.3,64,5
2025-02,Aomori,HP,35.9,54,3
2025-02,Aomori,GP,23.9,46,3
2025-02,Iwate,HP,34.2,60,3
2025-02,Iwate,GP,28.3,49,2
2025-02,Miyagi,HP,46.7,60,4
2025-02,Miyagi,GP,30.1,52,2
2025-02,Akita,HP,37.5,57,2
2025-02,Akita,GP,26.5,38,3
2025-02,Yamagata,HP,32.3,55,3
2025-02,Yamagata,GP,21.2,51,2
2025-02,Fukushima,HP,33.1,48,5
2025-02,Fukushima,GP,24.8,45,2
2025-02,Ibaraki,HP,36.9,59,3
2025-02,Ibaraki,GP,25.6,46,1
2025-02,Tochigi,HP,36.8,56,3
2025-02,Tochigi,GP,29.3,40,2
2025-02,Gunma,HP,28.8,55,4
2025-02,Gunma,GP,30.6,53,2
2025-02,Saitama,HP,59.6,98,8
2025-02,Saitama,GP,50.5,85,5
2025-02,Chiba,HP,63.5,103,6
2025-02,Chiba,GP,50.0,83,5
2025-02,Tokyo,HP,120.8,206,17
2025-02,Tokyo,GP,91.9,165,11
2025-02,Kanagawa,HP,74.5,128,9
2025-02,Kanagawa,GP,51.2,111,7
2025-02,Niigata,HP,38.5,65,4
2025-02,Niigata,GP,25.0,52,3
2025-02,Toyama,HP,40.6,51,6
2025-02,Toyama,GP,22.8,43,2
2025-02,Ishikawa,HP,34.6,55,3
2025-02,Ishikawa,GP,24.4,40,5
2025-02,Fukui,HP,33.5,55,3
2025-02,Fukui,GP,27.4,50,1
2025-02,Yamanashi,HP,33.2,48,3
2025-02,Yamanashi,GP,26.3,51,2
2025-02,Nagano,HP,32.9,52,4
2025-02,Nagano,GP,23.4,49,3
2025-02,Gifu,HP,36.2,56,4
2025-02,Gifu,GP,21.4,42,4
2025-02,Shizuoka,HP,37.7,71,4
2025-02,Shizuoka,GP,27.7,60,2
2025-02,Aichi,HP,68.7,106,9
2025-02,Aichi,GP,56.0,92,6
2025-02,Mie,HP,36.5,50,4
2025-02,Mie,GP,25.3,49,2
2025-02,Shiga,HP,36.7,48,3
2025-02,Shiga,GP,29.4,44,2
2025-02,Kyoto,HP,44.3,75,5
2025-02,Kyoto,GP,31.8,62,4
2025-02,Osaka,HP,86.7,139,12
2025-02,Osaka,GP,67.3,116,8
2025-02,Hyogo,HP,50.8,86,7
2025-02,Hyogo,GP,38.4,71,3
2025-02,Nara,HP,30.5,53,3
2025-02,Nara,GP,30.1,44,2
2025-02,Wakayama,HP,34.3,61,3
2025-02,Wakayama,GP,27.8,48,3
2025-02,Tottori,HP,29.0,66,5
2025-02,Tottori,GP,28.5,45,1
2025-02,Shimane,HP,38.5,54,5
2025-02,Shimane,GP,29.7,35,2
2025-02,Okayama,HP,36.6,59,2
2025-02,Okayama,GP,24.6,48,3
2025-02,Hiroshima,HP,41.9,68,5
2025-02,Hiroshima,GP,30.8,61,3
2025-02,Yamaguchi,HP,35.2,55,4
2025-02,Yamaguchi,GP,20.1,43,3
2025-02,Tokushima,HP,31.4,67,4
2025-02,Tokushima,GP,28.0,49,3
2025-02,Kagawa,HP,36.5,57,3
2025-02,Kagawa,GP,25.7,45,1
2025-02,Ehime,HP,36.3,64,3
2025-02,Ehime,GP,25.8,44,3
2025-02,Kochi,HP,36.8,66,3
2025-02,Kochi,GP,31.6,51,3
2025-02,Fukuoka,HP,50.8,82,7
2025-02,Fukuoka,GP,37.8,80,5
2025-02,Saga,HP,39.0,64,4
2025-02,Saga,GP,28.7,48,3
2025-02,Nagasaki,HP,36.4,56,3
2025-02,Nagasaki,GP,23.2,46,1
2025-02,Kumamoto,HP,34.3,57,4
2025-02,Kumamoto,GP,27.0,42,1
2025-02,Oita,HP,40.8,62,4
2025-02,Oita,GP,24.2,54,3
2025-02,Miyazaki,HP,27.6,63,4
2025-02,Miyazaki,GP,29.1,41,3
2025-02,Kagoshima,HP,30.4,62,4
2025-02,Kagoshima,GP,27.5,51,2
2025-02,Okinawa,HP,35.7,64,4
2025-02,Okinawa,GP,23.6,52,2
2025-03,Hokkaido,HP,55.4,82,7
2025-03,Hokkaido,GP,39.8,69,5
2025-03,Aomori,HP,40.9,55,6
2025-03,Aomori,GP,28.9,49,3
2025-03,Iwate,HP,32.8,63,4
2025-03,Iwate,GP,31.5,53,2
2025-03,Miyagi,HP,42.9,83,5
2025-03,Miyagi,GP,36.8,61,3
2025-03,Akita,HP,35.8,60,4
2025-03,Akita,GP,31.0,55,3
2025-03,Yamagata,HP,39.9,57,5
2025-03,Yamagata,GP,31.6,54,3
2025-03,Fukushima,HP,37.9,64,4
2025-03,Fukushima,GP,30.4,52,3
2025-03,Ibaraki,HP,39.5,60,3
2025-03,Ibaraki,GP,34.5,46,1
2025-03,Tochigi,HP,41.6,55,4
2025-03,Tochigi,GP,23.9,42,4
2025-03,Gunma,HP,39.0,67,5
2025-03,Gunma,GP,26.7,50,3
2025-03,Saitama,HP,73.6,120,9
2025-03,Saitama,GP,50.9,90,7
2025-03,Chiba,HP,68.3,116,10
2025-03,Chiba,GP,52.9,95,6
2025-03,Tokyo,HP,129.8,221,22
2025-03,Tokyo,GP,106.2,189,15
2025-03,Kanagawa,HP,90.9,132,11
2025-03,Kanagawa,GP,66.1,108,9
2025-03,Niigata,HP,42.4,58,4
2025-03,Niigata,GP,28.9,48,3
2025-03,Toyama,HP,36.2,69,4
2025-03,Toyama,GP,30.3,60,2
2025-03,Ishikawa,HP,40.9,67,4
2025-03,Ishikawa,GP,31.2,46,4
2025-03,Fukui,HP,40.1,63,4
2025-03,Fukui,GP,32.1,60,3
2025-03,Yamanashi,HP,40.0,61,6
2025-03,Yamanashi,GP,28.1,63,4
2025-03,Nagano,HP,37.8,68,6
2025-03,Nagano,GP,29.2,51,4
2025-03,Gifu,HP,40.4,67,3
2025-03,Gifu,GP,35.5,53,4
2025-03,Shizuoka,HP,40.9,73,5
2025-03,Shizuoka,GP,37.6,56,3
2025-03,Aichi,HP,77.7,134,12
2025-03,Aichi,GP,62.6,109,9
2025-03,Mie,HP,41.5,58,5
2025-03,Mie,GP,29.4,55,3
2025-03,Shiga,HP,42.6,64,5
2025-03,Shiga,GP,28.7,59,2
2025-03,Kyoto,HP,54.1,74,5
2025-03,Kyoto,GP,33.9,66,3
2025-03,Osaka,HP,103.4,163,13
2025-03,Osaka,GP,78.9,132,10
2025-03,Hyogo,HP,67.5,111,7
2025-03,Hyogo,GP,45.0,86,5
2025-03,Nara,HP,37.4,65,5
2025-03,Nara,GP,30.0,56,2
2025-03,Wakayama,HP,38.1,65,5
2025-03,Wakayama,GP,31.9,62,4
2025-03,Tottori,HP,34.7,58,5
2025-03,Tottori,GP,33.7,50,4
2025-03,Shimane,HP,40.0,57,4
2025-03,Shimane,GP,33.1,50,2
2025-03,Okayama,HP,35.5,62,5
2025-03,Okayama,GP,32.0,56,4
2025-03,Hiroshima,HP,49.4,72,4
2025-03,Hiroshima,GP,36.0,50,3
2025-03,Yamaguchi,HP,37.7,58,3
2025-03,Yamaguchi,GP,30.4,63,2
2025-03,Tokushima,HP,35.2,59,5
2025-03,Tokushima,GP,32.3,48,4
2025-03,Kagawa,HP,38.5,69,4
2025-03,Kagawa,GP,27.8,56,4
2025-03,Ehime,HP,35.6,58,5
2025-03,Ehime,GP,30.6,51,5
2025-03,Kochi,HP,35.4,68,4
2025-03,Kochi,GP,30.5,55,3
2025-03,Fukuoka,HP,59.7,100,8
2025-03,Fukuoka,GP,45.1,75,4
2025-03,Saga,HP,39.2,66,4
2025-03,Saga,GP,29.7,62,3
2025-03,Nagasaki,HP,39.2,63,5
2025-03,Nagasaki,GP,36.2,43,3
2025-03,Kumamoto,HP,43.2,68,5
2025-03,Kumamoto,GP,33.4,52,3
2025-03,Oita,HP,39.1,57,4
2025-03,Oita,GP,28.2,58,2
2025-03,Miyazaki,HP,40.1,68,4
2025-03,Miyazaki,GP,36.2,52,2
2025-03,Kagoshima,HP,39.6,65,5
2025-03,Kagoshima,GP,32.3,55,2
2025-03,Okinawa,HP,39.8,64,5
2025-03,Okinawa,GP,34.1,47,3
2025-04,Hokkaido,HP,62.8,102,7
2025-04,Hokkaido,GP,46.7,83,4
2025-04,Aomori,HP,40.7,68,5
2025-04,Aomori,GP,36.5,61,3
2025-04,Iwate,HP,49.0,64,6
2025-04,Iwate,GP,30.8,52,3
2025-04,Miyagi,HP,59.3,81,6
2025-04,Miyagi,GP,43.7,73,4
2025-04,Akita,HP,37.6,64,5
2025-04,Akita,GP,33.5,63,3
2025-04,Yamagata,HP,42.9,72,5
2025-04,Yamagata,GP,34.5,57,3
2025-04,Fukushima,HP,44.4,67,5
2025-04,Fukushima,GP,29.6,60,3
2025-04,Ibaraki,HP,43.3,64,6
2025-04,Ibaraki,GP,32.6,59,4
2025-04,Tochigi,HP,43.8,70,4
2025-04,Tochigi,GP,37.8,59,4
2025-04,Gunma,HP,39.9,71,5
2025-04,Gunma,GP,28.8,53,5
2025-04,Saitama,HP,81.9,118,11
2025-04,Saitama,GP,58.1,104,7
2025-04,Chiba,HP,80.4,131,11
2025-04,Chiba,GP,63.1,103,8
2025-04,Tokyo,HP,143.1,230,25
2025-04,Tokyo,GP,114.8,197,18
2025-04,Kanagawa,HP,91.4,162,14
2025-04,Kanagawa,GP,71.5,121,10
2025-04,Niigata,HP,42.6,69,5
2025-04,Niigata,GP,39.2,53,3
2025-04,Toyama,HP,45.1,67,5
2025-04,Toyama,GP,31.3,51,2
2025-04,Ishikawa,HP,44.5,59,5
2025-04,Ishikawa,GP,34.5,65,4
2025-04,Fukui,HP,42.0,68,3
2025-04,Fukui,GP,34.2,58,4
2025-04,Yamanashi,HP,39.2,66,5
2025-04,Yamanashi,GP,32.7,55,3
2025-04,Nagano,HP,38.8,67,6
2025-04,Nagano,GP,35.8,59,2
2025-04,Gifu,HP,43.7,66,7
2025-04,Gifu,GP,28.4,65,3
2025-04,Shizuoka,HP,51.4,72,5
2025-04,Shizuoka,GP,34.5,66,4
2025-04,Aichi,HP,83.3,132,12
2025-04,Aichi,GP,63.7,110,9
2025-04,Mie,HP,40.9,71,5
2025-04,Mie,GP,33.5,58,3
2025-04,Shiga,HP,40.5,73,6
2025-04,Shiga,GP,35.3,55,4
2025-04,Kyoto,HP,55.7,89,8
2025-04,Kyoto,GP,35.5,78,5
2025-04,Osaka,HP,106.3,172,16
2025-04,Osaka,GP,80.9,137,12
2025-04,Hyogo,HP,67.3,109,10
2025-04,Hyogo,GP,51.2,85,6
2025-04,Nara,HP,40.3,74,4
2025-04,Nara,GP,34.7,54,3
2025-04,Wakayama,HP,43.1,71,6
2025-04,Wakayama,GP,28.0,56,4
2025-04,Tottori,HP,43.6,68,5
2025-04,Tottori,GP,33.6,54,3
2025-04,Shimane,HP,42.2,62,6
2025-04,Shimane,GP,29.1,59,4
2025-04,Okayama,HP,38.6,69,4
2025-04,Okayama,GP,34.1,62,4
2025-04,Hiroshima,HP,48.2,80,6
2025-04,Hiroshima,GP,40.1,74,3
2025-04,Yamaguchi,HP,48.6,67,5
2025-04,Yamaguchi,GP,32.0,56,3
2025-04,Tokushima,HP,45.8,70,4
2025-04,Tokushima,GP,38.9,62,3
2025-04,Kagawa,HP,35.2,73,4
2025-04,Kagawa,GP,32.5,66,3
2025-04,Ehime,HP,39.7,70,5
2025-04,Ehime,GP,35.4,61,4
2025-04,Kochi,HP,42.4,67,6
2025-04,Kochi,GP,33.2,61,3
2025-04,Fukuoka,HP,66.9,110,8
2025-04,Fukuoka,GP,53.6,79,6
2025-04,Saga,HP,47.9,66,5
2025-04,Saga,GP,31.1,60,3
2025-04,Nagasaki,HP,39.7,67,5
2025-04,Nagasaki,GP,28.6,66,2
2025-04,Kumamoto,HP,45.5,68,6
2025-04,Kumamoto,GP,34.7,57,2
2025-04,Oita,HP,45.6,77,6
2025-04,Oita,GP,35.3,60,3
2025-04,Miyazaki,HP,36.1,66,5
2025-04,Miyazaki,GP,33.5,57,3
2025-04,Kagoshima,HP,45.9,71,5
2025-04,Kagoshima,GP,32.1,55,3
2025-04,Okinawa,HP,42.6,76,5
2025-04,Okinawa,GP,30.1,58,3
2025-05,Hokkaido,HP,54.4,98,7
2025-05,Hokkaido,GP,42.5,70,5
2025-05,Aomori,HP,43.4,65,4
2025-05,Aomori,GP,25.0,53,3
2025-05,Iwate,HP,40.9,68,4
2025-05,Iwate,GP,26.3,56,4
2025-05,Miyagi,HP,46.7,73,6
2025-05,Miyagi,GP,38.3,60,2
2025-05,Akita,HP,41.7,61,4
2025-05,Akita,GP,35.7,55,2
2025-05,Yamagata,HP,44.1,58,2
2025-05,Yamagata,GP,29.4,52,3
2025-05,Fukushima,HP,38.9,57,4
2025-05,Fukushima,GP,32.6,54,4
2025-05,Ibaraki,HP,40.7,62,3
2025-05,Ibaraki,GP,27.7,49,2
2025-05,Tochigi,HP,36.6,55,4
2025-05,Tochigi,GP,31.0,49,2
2025-05,Gunma,HP,45.1,63,4
2025-05,Gunma,GP,26.6,57,2
2025-05,Saitama,HP,66.0,105,8
2025-05,Saitama,GP,49.2,94,6
2025-05,Chiba,HP,65.7,110,11
2025-05,Chiba,GP,51.5,94,6
2025-05,Tokyo,HP,141.3,222,20
2025-05,Tokyo,GP,105.7,181,15
2025-05,Kanagawa,HP,94.2,146,13
2025-05,Kanagawa,GP,63.7,124,7
2025-05,Niigata,HP,36.0,62,6
2025-05,Niigata,GP,33.9,52,4
2025-05,Toyama,HP,40.5,58,3
2025-05,Toyama,GP,31.8,48,2
2025-05,Ishikawa,HP,38.6,63,4
2025-05,Ishikawa,GP,33.2,48,2
2025-05,Fukui,HP,40.2,58,3
2025-05,Fukui,GP,34.0,58,3
2025-05,Yamanashi,HP,40.2,68,4
2025-05,Yamanashi,GP,31.8,54,3
2025-05,Nagano,HP,39.1,55,4
2025-05,Nagano,GP,24.6,45,2
2025-05,Gifu,HP,35.5,67,4
2025-05,Gifu,GP,27.7,42,3
2025-05,Shizuoka,HP,42.1,77,5
2025-05,Shizuoka,GP,35.6,54,3
2025-05,Aichi,HP,73.9,115,9
2025-05,Aichi,GP,61.4,102,8
2025-05,Mie,HP,41.5,61,5
2025-05,Mie,GP,27.9,58,3
2025-05,Shiga,HP,41.3,59,4
2025-05,Shiga,GP,27.5,50,2
2025-05,Kyoto,HP,48.9,76,7
2025-05,Kyoto,GP,38.4,67,5
2025-05,Osaka,HP,98.9,157,14
2025-05,Osaka,GP,75.1,133,9
2025-05,Hyogo,HP,65.4,100,6
2025-05,Hyogo,GP,45.2,84,6
2025-05,Nara,HP,32.0,69,3
2025-05,Nara,GP,29.1,54,1
2025-05,Wakayama,HP,37.2,60,4
2025-05,Wakayama,GP,33.0,46,4
2025-05,Tottori,HP,35.3,58,5
2025-05,Tottori,GP,29.8,55,4
2025-05,Shimane,HP,40.3,56,5
2025-05,Shimane,GP,34.1,54,2
2025-05,Okayama,HP,38.7,64,3
2025-05,Okayama,GP,30.4,57,3
2025-05,Hiroshima,HP,46.5,73,5
2025-05,Hiroshima,GP,35.1,56,4
2025-05,Yamaguchi,HP,40.7,70,4
2025-05,Yamaguchi,GP,30.8,47,2
2025-05,Tokushima,HP,35.0,60,4
2025-05,Tokushima,GP,30.4,46,3
2025-05,Kagawa,HP,41.2,63,3
2025-05,Kagawa,GP,28.5,59,2
2025-05,Ehime,HP,40.2,67,4
2025-05,Ehime,GP,26.0,50,4
2025-05,Kochi,HP,36.8,69,5
2025-05,Kochi,GP,30.6,53,3
2025-05,Fukuoka,HP,60.6,97,6
2025-05,Fukuoka,GP,42.7,73,7
2025-05,Saga,HP,38.9,63,5
2025-05,Saga,GP,29.2,52,3
2025-05,Nagasaki,HP,40.7,67,5
2025-05,Nagasaki,GP,29.1,58,2
2025-05,Kumamoto,HP,39.4,70,6
2025-05,Kumamoto,GP,31.3,54,2
2025-05,Oita,HP,36.8,59,4
2025-05,Oita,GP,33.1,49,3
2025-05,Miyazaki,HP,32.0,65,5
2025-05,Miyazaki,GP,33.7,47,3
2025-05,Kagoshima,HP,41.2,57,5
2025-05,Kagoshima,GP,29.9,51,3
2025-05,Okinawa,HP,37.7,62,4
2025-05,Okinawa,GP,26.6,37,3
2025-06,Hokkaido,HP,49.5,76,5
2025-06,Hokkaido,GP,35.8,57,3
2025-06,Aomori,HP,28.1,57,4
2025-06,Aomori,GP,27.2,47,1
2025-06,Iwate,HP,31.4,56,3
2025-06,Iwate,GP,22.7,43,3
2025-06,Miyagi,HP,40.5,58,5
2025-06,Miyagi,GP,26.4,53,2
2025-06,Akita,HP,30.4,51,2
2025-06,Akita,GP,24.3,51,3
2025-06,Yamagata,HP,31.0,47,3
2025-06,Yamagata,GP,26.9,44,3
2025-06,Fukushima,HP,28.1,49,4
2025-06,Fukushima,GP,25.0,45,2
2025-06,Ibaraki,HP,26.8,51,2
2025-06,Ibaraki,GP,22.7,51,3
2025-06,Tochigi,HP,32.7,55,3
2025-06,Tochigi,GP,22.7,45,1
2025-06,Gunma,HP,25.3,60,2
2025-06,Gunma,GP,26.9,48,2
2025-06,Saitama,HP,58.8,102,6
2025-06,Saitama,GP,46.8,81,4
2025-06,Chiba,HP,60.8,101,8
2025-06,Chiba,GP,35.1,86,5
2025-06,Tokyo,HP,115.4,181,15
2025-06,Tokyo,GP,84.4,155,10
2025-06,Kanagawa,HP,71.1,114,8
2025-06,Kanagawa,GP,53.6,95,6
2025-06,Niigata,HP,31.5,47,3
2025-06,Niigata,GP,27.6,44,2
2025-06,Toyama,HP,32.8,53,2
2025-06,Toyama,GP,26.3,41,2
2025-06,Ishikawa,HP,37.8,51,2
2025-06,Ishikawa,GP,24.7,54,1
2025-06,Fukui,HP,32.0,43,4
2025-06,Fukui,GP,27.2,35,2
2025-06,Yamanashi,HP,32.2,51,2
2025-06,Yamanashi,GP,28.0,43,2
2025-06,Nagano,HP,40.0,52,2
2025-06,Nagano,GP,18.3,51,2
2025-06,Gifu,HP,28.6,49,3
2025-06,Gifu,GP,28.4,51,2
2025-06,Shizuoka,HP,40.1,51,4
2025-06,Shizuoka,GP,28.4,51,2
2025-06,Aichi,HP,65.9,103,8
2025-06,Aichi,GP,48.9,82,5
2025-06,Mie,HP,24.1,54,4
2025-06,Mie,GP,18.4,49,1
2025-06,Shiga,HP,33.8,53,3
2025-06,Shiga,GP,32.1,37,2
2025-06,Kyoto,HP,41.8,76,5
2025-06,Kyoto,GP,29.4,53,3
2025-06,Osaka,HP,82.9,130,11
2025-06,Osaka,GP,62.3,121,6
2025-06,Hyogo,HP,48.3,91,7
2025-06,Hyogo,GP,40.1,75,4
2025-06,Nara,HP,34.1,54,3
2025-06,Nara,GP,21.2,35,1
2025-06,Wakayama,HP,35.7,56,4
2025-06,Wakayama,GP,26.5,48,2
2025-06,Tottori,HP,33.4,54,1
2025-06,Tottori,GP,23.1,38,4
2025-06,Shimane,HP,28.1,47,3
2025-06,Shimane,GP,26.9,43,3
2025-06,Okayama,HP,30.6,51,3
2025-06,Okayama,GP,23.5,40,4
2025-06,Hiroshima,HP,43.4,61,2
2025-06,Hiroshima,GP,27.7,58,2
2025-06,Yamaguchi,HP,36.4,50,2
2025-06,Yamaguchi,GP,20.1,41,2
2025-06,Tokushima,HP,29.3,63,3
2025-06,Tokushima,GP,25.7,39,2
2025-06,Kagawa,HP,27.6,53,4
2025-06,Kagawa,GP,29.9,39,1
2025-06,Ehime,HP,33.8,62,4
2025-06,Ehime,GP,20.1,35,3
2025-06,Kochi,HP,33.8,60,3
2025-06,Kochi,GP,19.7,40,3
2025-06,Fukuoka,HP,51.4,85,6
2025-06,Fukuoka,GP,42.3,68,4
2025-06,Saga,HP,28.6,58,2
2025-06,Saga,GP,21.8,49,2
2025-06,Nagasaki,HP,31.7,45,3
2025-06,Nagasaki,GP,25.4,51,2
2025-06,Kumamoto,HP,29.3,43,4
2025-06,Kumamoto,GP,26.9,50,3
2025-06,Oita,HP,36.1,58,3
2025-06,Oita,GP,26.5,49,1
2025-06,Miyazaki,HP,33.4,58,4
2025-06,Miyazaki,GP,25.1,42,2
2025-06,Kagoshima,HP,30.7,60,2
2025-06,Kagoshima,GP,25.3,35,3
2025-06,Okinawa,HP,31.5,51,3
2025-06,Okinawa,GP,27.3,40,3
2025-07,Hokkaido,HP,43.8,75,4
2025-07,Hokkaido,GP,36.1,52,3
2025-07,Aomori,HP,30.0,51,2
2025-07,Aomori,GP,25.7,47,1
2025-07,Iwate,HP,27.4,45,1
2025-07,Iwate,GP,24.9,45,1
2025-07,Miyagi,HP,32.6,53,2
2025-07,Miyagi,GP,26.3,54,1
2025-07,Akita,HP,25.9,51,2
2025-07,Akita,GP,22.6,51,2
2025-07,Yamagata,HP,26.4,50,2
2025-07,Yamagata,GP,22.7,37,2
2025-07,Fukushima,HP,35.3,52,4
2025-07,Fukushima,GP,26.0,41,2
2025-07,Ibaraki,HP,31.0,53,2
2025-07,Ibaraki,GP,20.0,40,2
2025-07,Tochigi,HP,34.0,41,2
2025-07,Tochigi,GP,20.3,49,3
2025-07,Gunma,HP,31.7,46,3
2025-07,Gunma,GP,21.2,45,0
2025-07,Saitama,HP,49.6,99,5
2025-07,Saitama,GP,37.9,75,3
2025-07,Chiba,HP,58.3,102,5
2025-07,Chiba,GP,40.3,79,2
2025-07,Tokyo,HP,104.2,173,13
2025-07,Tokyo,GP,78.7,148,9
2025-07,Kanagawa,HP,67.8,112,7
2025-07,Kanagawa,GP,49.4,92,6
2025-07,Niigata,HP,31.3,47,2
2025-07,Niigata,GP,22.5,46,2
2025-07,Toyama,HP,27.9,52,2
2025-07,Toyama,GP,21.7,43,2
2025-07,Ishikawa,HP,27.0,49,3
2025-07,Ishikawa,GP,27.1,49,2
2025-07,Fukui,HP,30.6,58,1
2025-07,Fukui,GP,21.2,29,3
2025-07,Yamanashi,HP,32.4,51,3
2025-07,Yamanashi,GP,18.4,38,3
2025-07,Nagano,HP,26.6,52,3
2025-07,Nagano,GP,25.1,41,3
2025-07,Gifu,HP,29.9,57,3
2025-07,Gifu,GP,23.0,34,1
2025-07,Shizuoka,HP,33.4,53,1
2025-07,Shizuoka,GP,24.7,49,2
2025-07,Aichi,HP,59.3,101,6
2025-07,Aichi,GP,48.3,90,4
2025-07,Mie,HP,25.7,42,2
2025-07,Mie,GP,20.2,38,0
2025-07,Shiga,HP,28.5,52,3
2025-07,Shiga,GP,27.5,51,3
2025-07,Kyoto,HP,37.3,78,4
2025-07,Kyoto,GP,32.6,47,2
2025-07,Osaka,HP,75.3,131,10
2025-07,Osaka,GP,56.4,100,6
2025-07,Hyogo,HP,48.6,83,6
2025-07,Hyogo,GP,42.1,67,5
2025-07,Nara,HP,30.4,52,2
2025-07,Nara,GP,21.5,37,1
2025-07,Wakayama,HP,30.1,50,2
2025-07,Wakayama,GP,24.5,41,1
2025-07,Tottori,HP,26.2,52,4
2025-07,Tottori,GP,25.1,46,3
2025-07,Shimane,HP,28.9,48,2
2025-07,Shimane,GP,23.5,45,1
2025-07,Okayama,HP,31.0,54,2
2025-07,Okayama,GP,22.4,47,2
2025-07,Hiroshima,HP,36.7,56,3
2025-07,Hiroshima,GP,24.7,55,3
2025-07,Yamaguchi,HP,29.8,46,1
2025-07,Yamaguchi,GP,22.6,41,1
2025-07,Tokushima,HP,25.1,49,3
2025-07,Tokushima,GP,20.3,46,2
2025-07,Kagawa,HP,27.8,48,1
2025-07,Kagawa,GP,26.4,36,2
2025-07,Ehime,HP,31.3,47,2
2025-07,Ehime,GP,22.0,39,1
2025-07,Kochi,HP,25.9,51,3
2025-07,Kochi,GP,29.1,41,2
2025-07,Fukuoka,HP,46.4,83,4
2025-07,Fukuoka,GP,34.6,60,2
2025-07,Saga,HP,35.0,50,3
2025-07,Saga,GP,25.9,55,1
2025-07,Nagasaki,HP,28.4,48,4
2025-07,Nagasaki,GP,28.3,39,0
2025-07,Kumamoto,HP,31.5,60,3
2025-07,Kumamoto,GP,22.8,38,2
2025-07,Oita,HP,32.9,54,1
2025-07,Oita,GP,24.5,38,1
2025-07,Miyazaki,HP,32.4,41,2
2025-07,Miyazaki,GP,22.4,36,2
2025-07,Kagoshima,HP,27.0,57,3
2025-07,Kagoshima,GP,30.1,39,3
2025-07,Okinawa,HP,28.6,49,2
2025-07,Okinawa,GP,24.7,43,2
2025-08,Hokkaido,HP,51.3,67,5
2025-08,Hokkaido,GP,38.1,69,4
2025-08,Aomori,HP,35.8,54,4
2025-08,Aomori,GP,29.1,45,3
2025-08,Iwate,HP,29.3,51,3
2025-08,Iwate,GP,24.6,48,3
2025-08,Miyagi,HP,38.5,67,4
2025-08,Miyagi,GP,35.6,58,4
2025-08,Akita,HP,35.9,45,4
2025-08,Akita,GP,31.2,43,1
2025-08,Yamagata,HP,35.5,66,5
2025-08,Yamagata,GP,28.3,40,1
2025-08,Fukushima,HP,32.5,60,3
2025-08,Fukushima,GP,23.7,33,3
2025-08,Ibaraki,HP,33.8,49,3
2025-08,Ibaraki,GP,26.3,44,1
2025-08,Tochigi,HP,33.0,55,3
2025-08,Tochigi,GP,25.4,43,1
2025-08,Gunma,HP,32.2,60,4
2025-08,Gunma,GP,23.5,46,2
2025-08,Saitama,HP,59.3,87,8
2025-08,Saitama,GP,48.4,76,4
2025-08,Chiba,HP,60.1,97,7
2025-08,Chiba,GP,46.1,76,4
2025-08,Tokyo,HP,115.2,177,15
2025-08,Tokyo,GP,86.5,155,11
2025-08,Kanagawa,HP,73.7,122,8
2025-08,Kanagawa,GP,51.7,107,7
2025-08,Niigata,HP,30.2,50,3
2025-08,Niigata,GP,25.2,39,2
2025-08,Toyama,HP,32.3,55,2
2025-08,Toyama,GP,29.5,44,4
2025-08,Ishikawa,HP,34.5,51,4
2025-08,Ishikawa,GP,24.2,45,1
2025-08,Fukui,HP,29.9,52,4
2025-08,Fukui,GP,18.0,49,2
2025-08,Yamanashi,HP,39.1,46,4
2025-08,Yamanashi,GP,27.4,53,1
2025-08,Nagano,HP,28.7,57,3
2025-08,Nagano,GP,25.4,31,3
2025-08,Gifu,HP,34.5,59,3
2025-08,Gifu,GP,25.4,49,1
2025-08,Shizuoka,HP,35.9,60,1
2025-08,Shizuoka,GP,30.2,35,2
2025-08,Aichi,HP,65.4,101,8
2025-08,Aichi,GP,45.9,93,5
2025-08,Mie,HP,28.5,49,3
2025-08,Mie,GP,20.1,49,2
2025-08,Shiga,HP,31.6,56,3
2025-08,Shiga,GP,26.9,47,1
2025-08,Kyoto,HP,42.4,63,4
2025-08,Kyoto,GP,30.3,59,3
2025-08,Osaka,HP,87.0,139,9
2025-08,Osaka,GP,59.2,109,7
2025-08,Hyogo,HP,49.7,87,7
2025-08,Hyogo,GP,41.0,65,2
2025-08,Nara,HP,28.7,53,3
2025-08,Nara,GP,21.1,44,3
2025-08,Wakayama,HP,32.1,57,3
2025-08,Wakayama,GP,27.0,45,3
2025-08,Tottori,HP,25.5,58,1
2025-08,Tottori,GP,23.5,35,4
2025-08,Shimane,HP,32.9,45,4
2025-08,Shimane,GP,24.4,37,2
2025-08,Okayama,HP,36.9,54,3
2025-08,Okayama,GP,23.6,40,1
2025-08,Hiroshima,HP,39.9,66,5
2025-08,Hiroshima,GP,27.1,56,1
2025-08,Yamaguchi,HP,35.1,40,3
2025-08,Yamaguchi,GP,20.3,37,2
2025-08,Tokushima,HP,34.2,49,3
2025-08,Tokushima,GP,24.5,51,3
2025-08,Kagawa,HP,36.0,44,3
2025-08,Kagawa,GP,24.1,48,2
2025-08,Ehime,HP,34.9,44,3
2025-08,Ehime,GP,29.7,49,2
2025-08,Kochi,HP,36.4,57,3
2025-08,Kochi,GP,23.3,39,2
2025-08,Fukuoka,HP,47.9,80,5
2025-08,Fukuoka,GP,40.4,65,3
2025-08,Saga,HP,32.8,47,1
2025-08,Saga,GP,27.3,39,2
2025-08,Nagasaki,HP,24.2,56,3
2025-08,Nagasaki,GP,23.5,39,1
2025-08,Kumamoto,HP,33.2,45,3
2025-08,Kumamoto,GP,27.2,49,3
2025-08,Oita,HP,35.2,59,3
2025-08,Oita,GP,25.0,46,2
2025-08,Miyazaki,HP,27.1,57,2
2025-08,Miyazaki,GP,22.9,46,2
2025-08,Kagoshima,HP,28.3,48,4
2025-08,Kagoshima,GP,28.3,47,1
2025-08,Okinawa,HP,29.0,52,4
2025-08,Okinawa,GP,25.0,44,2
2025-09,Hokkaido,HP,57.8,78,7
2025-09,Hokkaido,GP,43.6,73,4
2025-09,Aomori,HP,41.2,63,4
2025-09,Aomori,GP,26.9,48,3
2025-09,Iwate,HP,34.9,68,6
2025-09,Iwate,GP,27.9,58,2
2025-09,Miyagi,HP,43.9,78,5
2025-09,Miyagi,GP,30.3,61,2
2025-09,Akita,HP,38.4,66,4
2025-09,Akita,GP,30.9,63,4
2025-09,Yamagata,HP,38.7,62,4
2025-09,Yamagata,GP,25.0,40,1
2025-09,Fukushima,HP,38.2,65,4
2025-09,Fukushima,GP,26.2,40,3
2025-09,Ibaraki,HP,39.7,56,4
2025-09,Ibaraki,GP,22.2,52,3
2025-09,Tochigi,HP,37.6,62,5
2025-09,Tochigi,GP,29.0,56,3
2025-09,Gunma,HP,36.5,60,3
2025-09,Gunma,GP,28.5,39,4
2025-09,Saitama,HP,68.8,106,10
2025-09,Saitama,GP,55.5,90,5
2025-09,Chiba,HP,67.8,114,9
2025-09,Chiba,GP,60.5,86,5
2025-09,Tokyo,HP,138.3,224,22
2025-09,Tokyo,GP,105.4,186,15
2025-09,Kanagawa,HP,85.3,141,11
2025-09,Kanagawa,GP,63.7,108,9
2025-09,Niigata,HP,38.4,64,5
2025-09,Niigata,GP,23.6,52,3
2025-09,Toyama,HP,35.9,62,5
2025-09,Toyama,GP,28.7,46,3
2025-09,Ishikawa,HP,34.8,56,6
2025-09,Ishikawa,GP,26.5,37,3
2025-09,Fukui,HP,32.2,66,3
2025-09,Fukui,GP,35.6,57,3
2025-09,Yamanashi,HP,40.9,69,4
2025-09,Yamanashi,GP,28.7,58,2
2025-09,Nagano,HP,37.3,63,4
2025-09,Nagano,GP,24.6,60,2
2025-09,Gifu,HP,45.9,67,3
2025-09,Gifu,GP,34.6,55,4
2025-09,Shizuoka,HP,44.2,68,5
2025-09,Shizuoka,GP,37.5,54,1
2025-09,Aichi,HP,79.0,123,10
2025-09,Aichi,GP,59.7,105,10
2025-09,Mie,HP,49.4,61,5
2025-09,Mie,GP,27.0,57,2
2025-09,Shiga,HP,41.2,58,4
2025-09,Shiga,GP,25.2,44,3
2025-09,Kyoto,HP,46.3,73,6
2025-09,Kyoto,GP,41.4,68,5
2025-09,Osaka,HP,94.5,162,13
2025-09,Osaka,GP,78.9,126,8
2025-09,Hyogo,HP,62.2,104,7
2025-09,Hyogo,GP,47.6,82,7
2025-09,Nara,HP,36.9,69,5
2025-09,Nara,GP,27.3,47,3
2025-09,Wakayama,HP,43.3,51,4
2025-09,Wakayama,GP,29.0,50,2
2025-09,Tottori,HP,42.9,53,4
2025-09,Tottori,GP,27.7,59,4
2025-09,Shimane,HP,34.8,56,4
2025-09,Shimane,GP,25.6,47,4
2025-09,Okayama,HP,39.4,63,3
2025-09,Okayama,GP,27.3,52,4
2025-09,Hiroshima,HP,47.2,75,6
2025-09,Hiroshima,GP,43.3,59,3
2025-09,Yamaguchi,HP,44.4,68,4
2025-09,Yamaguchi,GP,30.1,52,3
2025-09,Tokushima,HP,35.8,61,4
2025-09,Tokushima,GP,28.5,52,3
2025-09,Kagawa,HP,36.9,58,6
2025-09,Kagawa,GP,31.0,37,4
2025-09,Ehime,HP,36.3,65,3
2025-09,Ehime,GP,29.1,54,2
2025-09,Kochi,HP,35.4,57,5
2025-09,Kochi,GP,29.8,51,3
2025-09,Fukuoka,HP,57.9,99,6
2025-09,Fukuoka,GP,46.0,79,6
2025-09,Saga,HP,38.6,63,4
2025-09,Saga,GP,25.5,60,3
2025-09,Nagasaki,HP,38.5,58,4
2025-09,Nagasaki,GP,28.0,46,5
2025-09,Kumamoto,HP,42.0,66,4
2025-09,Kumamoto,GP,32.0,54,3
2025-09,Oita,HP,37.4,60,6
2025-09,Oita,GP,35.0,50,3
2025-09,Miyazaki,HP,35.8,59,3
2025-09,Miyazaki,GP,34.6,56,4
2025-09,Kagoshima,HP,35.9,63,5
2025-09,Kagoshima,GP,27.3,52,2
2025-09,Okinawa,HP,39.6,65,4
2025-09,Okinawa,GP,28.4,37,4
